<?xml version="1.0"?>
<testResults>
  <FitNesseVersion>v20241207</FitNesseVersion>
  <rootPath>FrontPage.Testiranje</rootPath>
  <result>
    <counts>
      <right>0</right>
      <wrong>0</wrong>
      <ignores>0</ignores>
      <exceptions>2</exceptions>
    </counts>
    <date>2024-12-13T03:57:44+01:00</date>
    <runTimeInMillis>141</runTimeInMillis>
    <content>&lt;br/&gt;&lt;span class="meta"&gt;variable defined: COMMAND_PATTERN=%m /Users/bobanlapcevic/Desktop/CleanCode/CleanCoders/FitNesse/lib/Runner.dll -c /Users/bobanlapcevic/Desktop/CleanCode/CleanCoders/FitNesse/slim/suiteconfig.xml %p&lt;/span&gt;
&lt;br/&gt;&lt;span class="meta"&gt;variable defined: TEST_RUNNER=dotnet&lt;/span&gt;
&lt;br/&gt;&lt;span class="meta"&gt;variable defined: TEST_SYSTEM=slim&lt;/span&gt;
&lt;br/&gt;&lt;br/&gt;&lt;table&gt;
	&lt;tr class="slimRowTitle"&gt;
		&lt;td&gt;script&lt;/td&gt;
		&lt;td&gt;&lt;span class="pass"&gt;Testiranje&lt;/span&gt;&lt;/td&gt;
	&lt;/tr&gt;
	&lt;tr class="slimRowColor1"&gt;
		&lt;td colspan="2"&gt;given account is empty&lt;/td&gt;
	&lt;/tr&gt;
	&lt;tr class="slimRowColor0"&gt;
		&lt;td colspan="2"&gt;when deposit is made with 100 &lt;span class="error"&gt;Method whendepositismadewith100 not found in Tests.FitNesse.Testiranje&lt;/span&gt;&lt;/td&gt;
	&lt;/tr&gt;
	&lt;tr class="slimRowColor8"&gt;
		&lt;td colspan="2"&gt;then balance should be 100 &lt;span class="error"&gt;Method thenbalanceshouldbe100 not found in Tests.FitNesse.Testiranje&lt;/span&gt;&lt;/td&gt;
	&lt;/tr&gt;
&lt;/table&gt;
</content>
    <relativePageName>Testiranje</relativePageName>
    <instructions>
      <instructionResult>
        <instruction>{id='scriptTable_0_0', instruction='make', instanceName='scriptTableActor', className='Testiranje', args=[]}</instruction>
        <slimResult>pass(Testiranje)</slimResult>
        <expectation>
          <status>pass</status>
          <instructionId>scriptTable_0_0</instructionId>
          <col>1</col>
          <row>0</row>
          <type>ConstructionExpectation</type>
          <evaluationMessage>Testiranje</evaluationMessage>
        </expectation>
      </instructionResult>
      <instructionResult>
        <instruction>{id='scriptTable_0_1', instruction='call', instanceName='scriptTableActor', methodName='givenAccountIsEmpty', args=[]}</instruction>
        <slimResult></slimResult>
        <expectation>
          <instructionId>scriptTable_0_1</instructionId>
          <col>0</col>
          <row>1</row>
          <type>ScriptActionExpectation</type>
        </expectation>
      </instructionResult>
      <instructionResult>
        <instruction>{id='scriptTable_0_2', instruction='call', instanceName='scriptTableActor', methodName='whenDepositIsMadeWith100', args=[]}</instruction>
        <slimResult></slimResult>
        <expectation>
          <status>error</status>
          <instructionId>scriptTable_0_2</instructionId>
          <type>ScriptActionExpectation</type>
          <evaluationMessage>Method whendepositismadewith100 not found in Tests.FitNesse.Testiranje</evaluationMessage>
        </expectation>
      </instructionResult>
      <instructionResult>
        <instruction>{id='scriptTable_0_3', instruction='call', instanceName='scriptTableActor', methodName='thenBalanceShouldBe100', args=[]}</instruction>
        <slimResult></slimResult>
        <expectation>
          <status>error</status>
          <instructionId>scriptTable_0_3</instructionId>
          <type>ScriptActionExpectation</type>
          <evaluationMessage>Method thenbalanceshouldbe100 not found in Tests.FitNesse.Testiranje</evaluationMessage>
        </expectation>
      </instructionResult>
    </instructions>
  </result>
  <executionLog>
    <testSystem>slim:dotnet</testSystem>
    <command>dotnet /Users/bobanlapcevic/Desktop/CleanCode/CleanCoders/FitNesse/lib/Runner.dll -c /Users/bobanlapcevic/Desktop/CleanCode/CleanCoders/FitNesse/slim/suiteconfig.xml defaultPath 1</command>
    <exitCode>0</exitCode>
    <stdOut></stdOut>
    <stdErr></stdErr>
  </executionLog>
  <finalCounts>
    <right>0</right>
    <wrong>0</wrong>
    <ignores>0</ignores>
    <exceptions>1</exceptions>
  </finalCounts>
  <totalRunTimeInMillis>357</totalRunTimeInMillis>
</testResults>

