<?xml version="1.0"?>
<testResults>
  <FitNesseVersion>v20241207</FitNesseVersion>
  <rootPath>FrontPage.Testiranje</rootPath>
  <result>
    <counts>
      <right>0</right>
      <wrong>0</wrong>
      <ignores>0</ignores>
      <exceptions>1</exceptions>
    </counts>
    <date>2024-12-13T03:10:24+01:00</date>
    <runTimeInMillis>2</runTimeInMillis>
    <content>&lt;br/&gt;&lt;table&gt;
	&lt;tr&gt;
		&lt;td class="error"&gt;script&lt;hr /&gt;&lt;pre&gt;&lt;div class="fit_stacktrace"&gt;fitSharp.Machine.Exception.TypeMissingException: Type 'script' not found in assemblies:
    /usr/local/share/dotnet/shared/Microsoft.NETCore.App/8.0.8/System.Private.CoreLib.dll
    /Users/bobanlapcevic/Desktop/CleanCode/CleanCoders/FitNesse/lib/Runner.dll
    /usr/local/share/dotnet/shared/Microsoft.NETCore.App/8.0.8/System.Runtime.dll
    /Users/bobanlapcevic/Desktop/CleanCode/CleanCoders/FitNesse/lib/fitSharp.dll
    /usr/local/share/dotnet/shared/Microsoft.NETCore.App/8.0.8/System.Collections.dll
    /usr/local/share/dotnet/shared/Microsoft.NETCore.App/8.0.8/System.Xml.ReaderWriter.dll
    /usr/local/share/dotnet/shared/Microsoft.NETCore.App/8.0.8/System.Private.Xml.dll
    /usr/local/share/dotnet/shared/Microsoft.NETCore.App/8.0.8/System.Memory.dll
    /usr/local/share/dotnet/shared/Microsoft.NETCore.App/8.0.8/System.Private.Uri.dll
    /usr/local/share/dotnet/shared/Microsoft.NETCore.App/8.0.8/System.Linq.dll
    /usr/local/share/dotnet/shared/Microsoft.NETCore.App/8.0.8/System.Threading.dll
    /Users/bobanlapcevic/Desktop/CleanCode/CleanCoders/FitNesse/net8.0/Tests.FitNesse.dll
    /Users/bobanlapcevic/Desktop/CleanCode/CleanCoders/FitNesse/lib/fit.dll
    /usr/local/share/dotnet/shared/Microsoft.NETCore.App/8.0.8/System.Threading.Thread.dll
    /usr/local/share/dotnet/shared/Microsoft.NETCore.App/8.0.8/System.Net.Sockets.dll
    /usr/local/share/dotnet/shared/Microsoft.NETCore.App/8.0.8/System.Net.Primitives.dll
    /usr/local/share/dotnet/shared/Microsoft.NETCore.App/8.0.8/Microsoft.Win32.Primitives.dll
    /usr/local/share/dotnet/shared/Microsoft.NETCore.App/8.0.8/System.Diagnostics.Tracing.dll
    /usr/local/share/dotnet/shared/Microsoft.NETCore.App/8.0.8/System.Threading.ThreadPool.dll
    /usr/local/share/dotnet/shared/Microsoft.NETCore.App/8.0.8/System.Collections.Concurrent.dll
    /usr/local/share/dotnet/shared/Microsoft.NETCore.App/8.0.8/System.Runtime.InteropServices.dll
    /usr/local/share/dotnet/shared/Microsoft.NETCore.App/8.0.8/System.Net.NameResolution.dll
    /usr/local/share/dotnet/shared/Microsoft.NETCore.App/8.0.8/System.Diagnostics.DiagnosticSource.dll
    /usr/local/share/dotnet/shared/Microsoft.NETCore.App/8.0.8/System.Runtime.Intrinsics.dll
    /usr/local/share/dotnet/shared/Microsoft.NETCore.App/8.0.8/System.Console.dll
    /usr/local/share/dotnet/shared/Microsoft.NETCore.App/8.0.8/System.Data.Common.dll
    /usr/local/share/dotnet/shared/Microsoft.NETCore.App/8.0.8/System.Collections.NonGeneric.dll
    /usr/local/share/dotnet/shared/Microsoft.NETCore.App/8.0.8/System.ComponentModel.TypeConverter.dll
    /usr/local/share/dotnet/shared/Microsoft.NETCore.App/8.0.8/System.ComponentModel.Primitives.dll
    /usr/local/share/dotnet/shared/Microsoft.NETCore.App/8.0.8/System.ComponentModel.dll
    /usr/local/share/dotnet/shared/Microsoft.NETCore.App/8.0.8/System.ObjectModel.dll
Namespaces:
    fitSharp.Machine.Engine
    Tests.FitNesse
    fitSharp.Fit.Fixtures
    fit
    fitSharp.Fit.Operators
    fit.Operators
   at fitSharp.Machine.Engine.ReflectionMember.Invoke(Object[] parameters)
   at fitSharp.Machine.Engine.ProcessorBase`2.Operate[O](Object[] parameters)
   at fitSharp.Machine.Engine.ProcessorExtension.Create[T](Processor`1 processor, NameMatcher memberName, Tree`1 parameters)
   at fitSharp.Fit.Operators.ParseInterpreter.MakeInterpreter(Cell classCell)
   at fitSharp.Fit.Operators.ParseInterpreter.Parse(Type type, TypedValue instance, Tree`1 parameters)
   at fitSharp.Machine.Engine.ProcessorBase`2.&lt;&gt;c__DisplayClass19_1.&lt;Parse&gt;b__2(ParseOperator`1 o)
   at fitSharp.Machine.Engine.Operators`2.Do[O](CanDoOperation`1 canDoOperation, DoOperation`1 doOperation)
   at fitSharp.Machine.Engine.ProcessorBase`2.&lt;&gt;c__DisplayClass19_0.&lt;Parse&gt;b__0(OperationLogging logging)
   at fitSharp.Machine.Engine.ProcessorBase`2.DoLoggedOperation[R](String startMessage, Func`2 operation)
   at fitSharp.Machine.Engine.ProcessorBase`2.Parse(Type type, TypedValue instance, Tree`1 parameters)
   at fitSharp.Fit.Service.CellProcessorBase.Parse(Type type, TypedValue instance, Tree`1 parameters)
   at fitSharp.Machine.Engine.ProcessorExtension.ParseTree[T](Processor`1 processor, Type type, Tree`1 parameters)
   at fitSharp.Machine.Engine.ProcessorExtension.ParseTree[T,V](Processor`1 processor, Tree`1 input)
   at fitSharp.Fit.Engine.InterpretFlow.ProcessFlowRow(Tree`1 table, Int32 rowNumber)&lt;/div&gt;&lt;/pre&gt;&lt;/td&gt;
		&lt;td&gt;Testiranje&lt;/td&gt;
	&lt;/tr&gt;
&lt;/table&gt;
&lt;br/&gt;</content>
    <relativePageName>Testiranje</relativePageName>
  </result>
  <executionLog>
    <testSystem>fit:dotnet</testSystem>
    <command>dotnet /Users/bobanlapcevic/Desktop/CleanCode/CleanCoders/FitNesse/lib/Runner.dll -c /Users/bobanlapcevic/Desktop/CleanCode/CleanCoders/FitNesse/suiteconfig.xml defaultPath Bobans-MacBook-Air.local 52059 3863</command>
    <exitCode>1</exitCode>
    <stdOut></stdOut>
    <stdErr></stdErr>
  </executionLog>
  <finalCounts>
    <right>0</right>
    <wrong>0</wrong>
    <ignores>0</ignores>
    <exceptions>1</exceptions>
  </finalCounts>
  <totalRunTimeInMillis>327</totalRunTimeInMillis>
</testResults>

