<?xml version="1.0"?>
<testResults>
  <FitNesseVersion>v20241207</FitNesseVersion>
  <rootPath>FrontPage.Testiranje</rootPath>
  <result>
    <counts>
      <right>0</right>
      <wrong>0</wrong>
      <ignores>0</ignores>
      <exceptions>0</exceptions>
    </counts>
    <date>2024-12-13T03:07:37+01:00</date>
    <runTimeInMillis>124</runTimeInMillis>
    <content>&lt;br/&gt;&lt;table&gt;
	&lt;tr&gt;
		&lt;td&gt;&lt;span class="fit_SUT"&gt;Testiranje&lt;/span&gt;&lt;/td&gt;
	&lt;/tr&gt;
&lt;/table&gt;
</content>
    <relativePageName>Testiranje</relativePageName>
  </result>
  <executionLog>
    <testSystem>fit:dotnet</testSystem>
    <command>dotnet /Users/bobanlapcevic/Desktop/CleanCode/CleanCoders/FitNesse/lib/Runner.dll -c /Users/bobanlapcevic/Desktop/CleanCode/CleanCoders/FitNesse/suiteconfig.xml defaultPath Bobans-MacBook-Air.local 51995 3863</command>
    <exitCode>0</exitCode>
    <stdOut></stdOut>
    <stdErr></stdErr>
  </executionLog>
  <finalCounts>
    <right>0</right>
    <wrong>0</wrong>
    <ignores>1</ignores>
    <exceptions>0</exceptions>
  </finalCounts>
  <totalRunTimeInMillis>462</totalRunTimeInMillis>
</testResults>

