<?xml version="1.0"?>
<testResults>
  <FitNesseVersion>v20241207</FitNesseVersion>
  <rootPath>FrontPage.Testiranje</rootPath>
  <executionLog>
    <testSystem>slim:dotnet</testSystem>
    <command>dotnet \Users\bobanlapcevic\Desktop\CleanCode\CleanCoders\FitNesse\lib\Runner.dll -c \Users\bobanlapcevic\Desktop\CleanCode\CleanCoders\FitNesse\suiteconfig.xml defaultPath 1</command>
    <exitCode>1</exitCode>
    <stdOut>Could not execute because the specified command or file was not found.
</stdOut>
    <stdErr></stdErr>
    <exception>Error SLiM server died before Header Message could be read. </exception>
  </executionLog>
  <finalCounts>
    <right>0</right>
    <wrong>0</wrong>
    <ignores>0</ignores>
    <exceptions>1</exceptions>
  </finalCounts>
  <totalRunTimeInMillis>175</totalRunTimeInMillis>
</testResults>

