<?xml version="1.0"?>
<testResults>
  <FitNesseVersion>v20241207</FitNesseVersion>
  <rootPath>FrontPage.HP35</rootPath>
  <result>
    <counts>
      <right>1</right>
      <wrong>1</wrong>
      <ignores>0</ignores>
      <exceptions>2</exceptions>
    </counts>
    <date>2024-12-13T00:50:57+01:00</date>
    <runTimeInMillis>1</runTimeInMillis>
    <content>&lt;br/&gt;&lt;table&gt;
	&lt;tr&gt;
		&lt;td colspan="3"&gt;&lt;span class="fit_interpreter"&gt;Calculator&lt;/span&gt;&lt;/td&gt;
	&lt;/tr&gt;
	&lt;tr&gt;
		&lt;td&gt;&lt;span class="fit_member"&gt;volts&lt;/span&gt;&lt;/td&gt;
		&lt;td&gt;&lt;span class="fit_member"&gt;watts?&lt;/span&gt;&lt;/td&gt;
		&lt;td&gt;&lt;span class="fit_member"&gt;points?&lt;/span&gt;&lt;/td&gt;
	&lt;/tr&gt;
	&lt;tr&gt;
		&lt;td&gt;3.75&lt;/td&gt;
		&lt;td class="error"&gt;~0.500&lt;hr /&gt;&lt;pre&gt;&lt;div class="fit_stacktrace"&gt;System.Reflection.TargetInvocationException: Exception has been thrown by the target of an invocation.
 ---&gt; System.Reflection.TargetInvocationException: Exception has been thrown by the target of an invocation.
 ---&gt; System.FormatException: The input string '~0.500' was not in a correct format.
   at System.Number.ThrowFormatException[TChar](ReadOnlySpan`1 value)
   at System.Double.Parse(String s)
   at InvokeStub_Double.Parse(Object, Span`1)
   at System.Reflection.MethodBaseInvoker.InvokeWithOneArg(Object obj, BindingFlags invokeAttr, Binder binder, Object[] parameters, CultureInfo culture)
   --- End of inner exception stack trace ---
   at System.Reflection.MethodBaseInvoker.InvokeWithOneArg(Object obj, BindingFlags invokeAttr, Binder binder, Object[] parameters, CultureInfo culture)
   at System.RuntimeType.InvokeMember(String name, BindingFlags bindingFlags, Binder binder, Object target, Object[] providedArgs, ParameterModifier[] modifiers, CultureInfo culture, String[] namedParams)
   at System.Type.InvokeMember(String name, BindingFlags invokeAttr, Binder binder, Object target, Object[] args)
   at fitSharp.Machine.Engine.MethodMember.TryInvoke(Object[] parameters)
   at fitSharp.Machine.Engine.ReflectionMember.Invoke(Object[] parameters)
   at fitSharp.Machine.Engine.DefaultParse`2.Parse(Type type, TypedValue instance, Tree`1 parameters)
   at fitSharp.Machine.Engine.ProcessorBase`2.&lt;&gt;c__DisplayClass19_1.&lt;Parse&gt;b__2(ParseOperator`1 o)
   at fitSharp.Machine.Engine.Operators`2.Do[O](CanDoOperation`1 canDoOperation, DoOperation`1 doOperation)
   at fitSharp.Machine.Engine.ProcessorBase`2.&lt;&gt;c__DisplayClass19_0.&lt;Parse&gt;b__0(OperationLogging logging)
   at fitSharp.Machine.Engine.ProcessorBase`2.DoLoggedOperation[R](String startMessage, Func`2 operation)
   at fitSharp.Machine.Engine.ProcessorBase`2.Parse(Type type, TypedValue instance, Tree`1 parameters)
   at fitSharp.Fit.Operators.ParseDefault.Parse(Type type, TypedValue instance, Tree`1 parameters)
   at fitSharp.Machine.Engine.ProcessorBase`2.&lt;&gt;c__DisplayClass19_1.&lt;Parse&gt;b__2(ParseOperator`1 o)
   at fitSharp.Machine.Engine.Operators`2.Do[O](CanDoOperation`1 canDoOperation, DoOperation`1 doOperation)
   at fitSharp.Machine.Engine.ProcessorBase`2.&lt;&gt;c__DisplayClass19_0.&lt;Parse&gt;b__0(OperationLogging logging)
   at fitSharp.Machine.Engine.ProcessorBase`2.DoLoggedOperation[R](String startMessage, Func`2 operation)
   at fitSharp.Machine.Engine.ProcessorBase`2.Parse(Type type, TypedValue instance, Tree`1 parameters)
   at fitSharp.Fit.Service.CellProcessorBase.Parse(Type type, TypedValue instance, Tree`1 parameters)
   at fitSharp.Machine.Engine.ProcessorExtension.ParseTree[T](Processor`1 processor, Type type, Tree`1 parameters)
   at fitSharp.Fit.Operators.CompareDefault.Compare(TypedValue actualValue, Tree`1 expected)
   at fitSharp.Machine.Engine.ProcessorBase`2.&lt;&gt;c__DisplayClass17_1.&lt;Compare&gt;b__2(CompareOperator`1 o)
   at fitSharp.Machine.Engine.Operators`2.Do[O](CanDoOperation`1 canDoOperation, DoOperation`1 doOperation)
   at fitSharp.Machine.Engine.ProcessorBase`2.&lt;&gt;c__DisplayClass17_0.&lt;Compare&gt;b__0(OperationLogging logging)
   at fitSharp.Machine.Engine.ProcessorBase`2.DoLoggedOperation[R](String startMessage, Func`2 operation)
   at fitSharp.Machine.Engine.ProcessorBase`2.Compare(TypedValue instance, Tree`1 parameters)
   at fitSharp.Fit.Operators.CheckDefault.Check(CellOperationValue actualValue, Tree`1 expectedCell)
   at System.RuntimeMethodHandle.InvokeMethod(Object target, Void** arguments, Signature sig, Boolean isConstructor)
   at System.Reflection.MethodBaseInvoker.InvokeDirectByRefWithFewArgs(Object obj, Span`1 copyOfArgs, BindingFlags invokeAttr)
   --- End of inner exception stack trace ---
   at System.Reflection.MethodBaseInvoker.InvokeDirectByRefWithFewArgs(Object obj, Span`1 copyOfArgs, BindingFlags invokeAttr)
   at System.Reflection.MethodBaseInvoker.InvokeWithFewArgs(Object obj, BindingFlags invokeAttr, Binder binder, Object[] parameters, CultureInfo culture)
   at System.RuntimeType.InvokeMember(String name, BindingFlags bindingFlags, Binder binder, Object target, Object[] providedArgs, ParameterModifier[] modifiers, CultureInfo culture, String[] namedParams)
   at System.Type.InvokeMember(String name, BindingFlags invokeAttr, Binder binder, Object target, Object[] args)
   at fitSharp.Machine.Engine.MethodMember.TryInvoke(Object[] parameters)
   at fitSharp.Machine.Engine.ReflectionMember.Invoke(Object[] parameters)
   at fitSharp.Machine.Engine.ProcessorBase`2.Operate[O](Object[] parameters)
   at fitSharp.Fit.Engine.CellProcessorExtension.Check(CellProcessor processor, Object systemUnderTest, Tree`1 memberName, Tree`1 parameters, Tree`1 expectedCell)
   at fitSharp.Fit.Engine.CellProcessorExtension.Check(CellProcessor processor, Object systemUnderTest, Tree`1 memberName, Tree`1 expectedCell)
   at fitSharp.Fit.Service.CheckBinding.Do(Tree`1 cell)
   at fitSharp.Fit.Service.Binding.Do(Tree`1 cell)
   at fit.ColumnFixture.DoCell(Parse cell, Int32 column)&lt;/div&gt;&lt;/pre&gt;&lt;/td&gt;
		&lt;td class="pass"&gt;false&lt;/td&gt;
	&lt;/tr&gt;
	&lt;tr&gt;
		&lt;td&gt;3.10&lt;/td&gt;
		&lt;td class="error"&gt;~0.500&lt;hr /&gt;&lt;pre&gt;&lt;div class="fit_stacktrace"&gt;System.Reflection.TargetInvocationException: Exception has been thrown by the target of an invocation.
 ---&gt; System.Reflection.TargetInvocationException: Exception has been thrown by the target of an invocation.
 ---&gt; System.FormatException: The input string '~0.500' was not in a correct format.
   at System.Number.ThrowFormatException[TChar](ReadOnlySpan`1 value)
   at System.Double.Parse(String s)
   at InvokeStub_Double.Parse(Object, Span`1)
   at System.Reflection.MethodBaseInvoker.InvokeWithOneArg(Object obj, BindingFlags invokeAttr, Binder binder, Object[] parameters, CultureInfo culture)
   --- End of inner exception stack trace ---
   at System.Reflection.MethodBaseInvoker.InvokeWithOneArg(Object obj, BindingFlags invokeAttr, Binder binder, Object[] parameters, CultureInfo culture)
   at System.RuntimeType.InvokeMember(String name, BindingFlags bindingFlags, Binder binder, Object target, Object[] providedArgs, ParameterModifier[] modifiers, CultureInfo culture, String[] namedParams)
   at System.Type.InvokeMember(String name, BindingFlags invokeAttr, Binder binder, Object target, Object[] args)
   at fitSharp.Machine.Engine.MethodMember.TryInvoke(Object[] parameters)
   at fitSharp.Machine.Engine.ReflectionMember.Invoke(Object[] parameters)
   at fitSharp.Machine.Engine.DefaultParse`2.Parse(Type type, TypedValue instance, Tree`1 parameters)
   at fitSharp.Machine.Engine.ProcessorBase`2.&lt;&gt;c__DisplayClass19_1.&lt;Parse&gt;b__2(ParseOperator`1 o)
   at fitSharp.Machine.Engine.Operators`2.Do[O](CanDoOperation`1 canDoOperation, DoOperation`1 doOperation)
   at fitSharp.Machine.Engine.ProcessorBase`2.&lt;&gt;c__DisplayClass19_0.&lt;Parse&gt;b__0(OperationLogging logging)
   at fitSharp.Machine.Engine.ProcessorBase`2.DoLoggedOperation[R](String startMessage, Func`2 operation)
   at fitSharp.Machine.Engine.ProcessorBase`2.Parse(Type type, TypedValue instance, Tree`1 parameters)
   at fitSharp.Fit.Operators.ParseDefault.Parse(Type type, TypedValue instance, Tree`1 parameters)
   at fitSharp.Machine.Engine.ProcessorBase`2.&lt;&gt;c__DisplayClass19_1.&lt;Parse&gt;b__2(ParseOperator`1 o)
   at fitSharp.Machine.Engine.Operators`2.Do[O](CanDoOperation`1 canDoOperation, DoOperation`1 doOperation)
   at fitSharp.Machine.Engine.ProcessorBase`2.&lt;&gt;c__DisplayClass19_0.&lt;Parse&gt;b__0(OperationLogging logging)
   at fitSharp.Machine.Engine.ProcessorBase`2.DoLoggedOperation[R](String startMessage, Func`2 operation)
   at fitSharp.Machine.Engine.ProcessorBase`2.Parse(Type type, TypedValue instance, Tree`1 parameters)
   at fitSharp.Fit.Service.CellProcessorBase.Parse(Type type, TypedValue instance, Tree`1 parameters)
   at fitSharp.Machine.Engine.ProcessorExtension.ParseTree[T](Processor`1 processor, Type type, Tree`1 parameters)
   at fitSharp.Fit.Operators.CompareDefault.Compare(TypedValue actualValue, Tree`1 expected)
   at fitSharp.Machine.Engine.ProcessorBase`2.&lt;&gt;c__DisplayClass17_1.&lt;Compare&gt;b__2(CompareOperator`1 o)
   at fitSharp.Machine.Engine.Operators`2.Do[O](CanDoOperation`1 canDoOperation, DoOperation`1 doOperation)
   at fitSharp.Machine.Engine.ProcessorBase`2.&lt;&gt;c__DisplayClass17_0.&lt;Compare&gt;b__0(OperationLogging logging)
   at fitSharp.Machine.Engine.ProcessorBase`2.DoLoggedOperation[R](String startMessage, Func`2 operation)
   at fitSharp.Machine.Engine.ProcessorBase`2.Compare(TypedValue instance, Tree`1 parameters)
   at fitSharp.Fit.Operators.CheckDefault.Check(CellOperationValue actualValue, Tree`1 expectedCell)
   at InvokeStub_CheckDefault.Check(Object, Span`1)
   at System.Reflection.MethodBaseInvoker.InvokeWithFewArgs(Object obj, BindingFlags invokeAttr, Binder binder, Object[] parameters, CultureInfo culture)
   --- End of inner exception stack trace ---
   at System.Reflection.MethodBaseInvoker.InvokeWithFewArgs(Object obj, BindingFlags invokeAttr, Binder binder, Object[] parameters, CultureInfo culture)
   at System.RuntimeType.InvokeMember(String name, BindingFlags bindingFlags, Binder binder, Object target, Object[] providedArgs, ParameterModifier[] modifiers, CultureInfo culture, String[] namedParams)
   at System.Type.InvokeMember(String name, BindingFlags invokeAttr, Binder binder, Object target, Object[] args)
   at fitSharp.Machine.Engine.MethodMember.TryInvoke(Object[] parameters)
   at fitSharp.Machine.Engine.ReflectionMember.Invoke(Object[] parameters)
   at fitSharp.Machine.Engine.ProcessorBase`2.Operate[O](Object[] parameters)
   at fitSharp.Fit.Engine.CellProcessorExtension.Check(CellProcessor processor, Object systemUnderTest, Tree`1 memberName, Tree`1 parameters, Tree`1 expectedCell)
   at fitSharp.Fit.Engine.CellProcessorExtension.Check(CellProcessor processor, Object systemUnderTest, Tree`1 memberName, Tree`1 expectedCell)
   at fitSharp.Fit.Service.CheckBinding.Do(Tree`1 cell)
   at fitSharp.Fit.Service.Binding.Do(Tree`1 cell)
   at fit.ColumnFixture.DoCell(Parse cell, Int32 column)&lt;/div&gt;&lt;/pre&gt;&lt;/td&gt;
		&lt;td class="fail"&gt;true &lt;span class="fit_label"&gt;expected&lt;/span&gt;&lt;hr /&gt;False &lt;span class="fit_label"&gt;actual&lt;/span&gt;&lt;/td&gt;
	&lt;/tr&gt;
&lt;/table&gt;
</content>
    <relativePageName>HP35</relativePageName>
  </result>
  <executionLog>
    <testSystem>fit:dotnet</testSystem>
    <command>dotnet /Users/bobanlapcevic/Desktop/CleanCode/CleanCoders/FitNesse/lib/Runner.dll -c /Users/bobanlapcevic/Desktop/CleanCode/CleanCoders/FitNesse/suiteconfig.xml defaultPath Bobans-MacBook-Air.local 50426 3863</command>
    <exitCode>3</exitCode>
    <stdOut></stdOut>
    <stdErr></stdErr>
  </executionLog>
  <finalCounts>
    <right>0</right>
    <wrong>1</wrong>
    <ignores>0</ignores>
    <exceptions>0</exceptions>
  </finalCounts>
  <totalRunTimeInMillis>434</totalRunTimeInMillis>
</testResults>

