<?xml version="1.0"?>
<testResults>
  <FitNesseVersion>v20241207</FitNesseVersion>
  <rootPath>FrontPage.HP35</rootPath>
  <result>
    <counts>
      <right>0</right>
      <wrong>2</wrong>
      <ignores>0</ignores>
      <exceptions>2</exceptions>
    </counts>
    <date>2024-12-13T00:42:51+01:00</date>
    <runTimeInMillis>1</runTimeInMillis>
    <content>&lt;br/&gt;&lt;table&gt;
	&lt;tr&gt;
		&lt;td colspan="3"&gt;&lt;span class="fit_interpreter"&gt;Calculator&lt;/span&gt;&lt;/td&gt;
	&lt;/tr&gt;
	&lt;tr&gt;
		&lt;td&gt;&lt;span class="fit_member"&gt;volts&lt;/span&gt;&lt;/td&gt;
		&lt;td&gt;&lt;span class="fit_member"&gt;watts?&lt;/span&gt;&lt;/td&gt;
		&lt;td&gt;&lt;span class="fit_member"&gt;points?&lt;/span&gt;&lt;/td&gt;
	&lt;/tr&gt;
	&lt;tr&gt;
		&lt;td&gt;3.75&lt;/td&gt;
		&lt;td class="fail"&gt;0.500 &lt;span class="fit_label"&gt;expected&lt;/span&gt;&lt;hr /&gt;0,5 &lt;span class="fit_label"&gt;actual&lt;/span&gt;&lt;/td&gt;
		&lt;td class="error"&gt;false&lt;hr /&gt;&lt;pre&gt;&lt;div class="fit_stacktrace"&gt;fitSharp.Machine.Exception.MemberMissingException: Member 'points' with 0 parameter(s) not found for type 'Tests.FitNesse.Calculator'.
   at fitSharp.Machine.Engine.ReflectionMember.Invoke(Object[] parameters)
   at fitSharp.Machine.Engine.ProcessorBase`2.Operate[O](Object[] parameters)
   at fitSharp.Fit.Engine.CellProcessorExtension.Check(CellProcessor processor, Object systemUnderTest, Tree`1 memberName, Tree`1 parameters, Tree`1 expectedCell)
   at fitSharp.Fit.Engine.CellProcessorExtension.Check(CellProcessor processor, Object systemUnderTest, Tree`1 memberName, Tree`1 expectedCell)
   at fitSharp.Fit.Service.CheckBinding.Do(Tree`1 cell)
   at fitSharp.Fit.Service.Binding.Do(Tree`1 cell)
   at fit.ColumnFixture.DoCell(Parse cell, Int32 column)&lt;/div&gt;&lt;/pre&gt;&lt;/td&gt;
	&lt;/tr&gt;
	&lt;tr&gt;
		&lt;td&gt;3.10&lt;/td&gt;
		&lt;td class="fail"&gt;0.500 &lt;span class="fit_label"&gt;expected&lt;/span&gt;&lt;hr /&gt;0,5 &lt;span class="fit_label"&gt;actual&lt;/span&gt;&lt;/td&gt;
		&lt;td class="error"&gt;true&lt;hr /&gt;&lt;pre&gt;&lt;div class="fit_stacktrace"&gt;fitSharp.Machine.Exception.MemberMissingException: Member 'points' with 0 parameter(s) not found for type 'Tests.FitNesse.Calculator'.
   at fitSharp.Machine.Engine.ReflectionMember.Invoke(Object[] parameters)
   at fitSharp.Machine.Engine.ProcessorBase`2.Operate[O](Object[] parameters)
   at fitSharp.Fit.Engine.CellProcessorExtension.Check(CellProcessor processor, Object systemUnderTest, Tree`1 memberName, Tree`1 parameters, Tree`1 expectedCell)
   at fitSharp.Fit.Engine.CellProcessorExtension.Check(CellProcessor processor, Object systemUnderTest, Tree`1 memberName, Tree`1 expectedCell)
   at fitSharp.Fit.Service.CheckBinding.Do(Tree`1 cell)
   at fitSharp.Fit.Service.Binding.Do(Tree`1 cell)
   at fit.ColumnFixture.DoCell(Parse cell, Int32 column)&lt;/div&gt;&lt;/pre&gt;&lt;/td&gt;
	&lt;/tr&gt;
&lt;/table&gt;
</content>
    <relativePageName>HP35</relativePageName>
  </result>
  <executionLog>
    <testSystem>fit:dotnet</testSystem>
    <command>dotnet /Users/bobanlapcevic/Desktop/CleanCode/CleanCoders/FitNesse/lib/Runner.dll -c /Users/bobanlapcevic/Desktop/CleanCode/CleanCoders/FitNesse/suiteconfig.xml defaultPath Bobans-MacBook-Air.local 50114 3863</command>
    <exitCode>4</exitCode>
    <stdOut></stdOut>
    <stdErr></stdErr>
  </executionLog>
  <finalCounts>
    <right>0</right>
    <wrong>1</wrong>
    <ignores>0</ignores>
    <exceptions>0</exceptions>
  </finalCounts>
  <totalRunTimeInMillis>433</totalRunTimeInMillis>
</testResults>

