<?xml version="1.0"?>
<testResults>
  <FitNesseVersion>v20241207</FitNesseVersion>
  <rootPath>FrontPage.HP35</rootPath>
  <result>
    <counts>
      <right>2</right>
      <wrong>2</wrong>
      <ignores>0</ignores>
      <exceptions>0</exceptions>
    </counts>
    <date>2024-12-13T03:54:52+01:00</date>
    <runTimeInMillis>29</runTimeInMillis>
    <content>&lt;br/&gt;&lt;table&gt;
	&lt;tr class="slimRowTitle"&gt;
		&lt;td colspan="3"&gt;&lt;span class="pass"&gt;Calculator&lt;/span&gt;&lt;/td&gt;
	&lt;/tr&gt;
	&lt;tr class="slimRowTitle"&gt;
		&lt;td&gt;volts&lt;/td&gt;
		&lt;td&gt;watts?&lt;/td&gt;
		&lt;td&gt;points?&lt;/td&gt;
	&lt;/tr&gt;
	&lt;tr class="slimRowColor1"&gt;
		&lt;td&gt;3,75&lt;/td&gt;
		&lt;td&gt;[0,5] &lt;span class="fail"&gt;expected [0,5&lt;span class="diff"&gt;00&lt;/span&gt;]&lt;/span&gt;&lt;/td&gt;
		&lt;td&gt;&lt;span class="pass"&gt;false&lt;/span&gt;&lt;/td&gt;
	&lt;/tr&gt;
	&lt;tr class="slimRowColor0"&gt;
		&lt;td&gt;3,10&lt;/td&gt;
		&lt;td&gt;[0,5] &lt;span class="fail"&gt;expected [0,5&lt;span class="diff"&gt;00&lt;/span&gt;]&lt;/span&gt;&lt;/td&gt;
		&lt;td&gt;&lt;span class="pass"&gt;true&lt;/span&gt;&lt;/td&gt;
	&lt;/tr&gt;
&lt;/table&gt;
</content>
    <relativePageName>HP35</relativePageName>
    <instructions>
      <instructionResult>
        <instruction>{id='decisionTable_0_0', instruction='make', instanceName='decisionTable_0', className='Calculator', args=[]}</instruction>
        <slimResult>pass(Calculator)</slimResult>
        <expectation>
          <status>pass</status>
          <instructionId>decisionTable_0_0</instructionId>
          <col>0</col>
          <row>0</row>
          <type>ConstructionExpectation</type>
          <evaluationMessage>Calculator</evaluationMessage>
        </expectation>
      </instructionResult>
      <instructionResult>
        <instruction>{id='decisionTable_0_4', instruction='call', instanceName='decisionTable_0', methodName='setVolts', args=[3,75]}</instruction>
        <slimResult></slimResult>
        <expectation>
          <instructionId>decisionTable_0_4</instructionId>
          <col>0</col>
          <row>2</row>
          <type>VoidReturnExpectation</type>
        </expectation>
      </instructionResult>
      <instructionResult>
        <instruction>{id='decisionTable_0_6', instruction='call', instanceName='decisionTable_0', methodName='watts', args=[]}</instruction>
        <slimResult>fail(a=0,5;e=0,500)</slimResult>
        <expectation>
          <status>fail</status>
          <instructionId>decisionTable_0_6</instructionId>
          <col>1</col>
          <row>2</row>
          <type>ReturnedValueExpectation</type>
          <actual>0,5</actual>
          <expected>0,500</expected>
        </expectation>
      </instructionResult>
      <instructionResult>
        <instruction>{id='decisionTable_0_7', instruction='call', instanceName='decisionTable_0', methodName='points', args=[]}</instruction>
        <slimResult>pass(false)</slimResult>
        <expectation>
          <status>pass</status>
          <instructionId>decisionTable_0_7</instructionId>
          <col>2</col>
          <row>2</row>
          <type>ReturnedValueExpectation</type>
          <evaluationMessage>false</evaluationMessage>
        </expectation>
      </instructionResult>
      <instructionResult>
        <instruction>{id='decisionTable_0_9', instruction='call', instanceName='decisionTable_0', methodName='setVolts', args=[3,10]}</instruction>
        <slimResult></slimResult>
        <expectation>
          <instructionId>decisionTable_0_9</instructionId>
          <col>0</col>
          <row>3</row>
          <type>VoidReturnExpectation</type>
        </expectation>
      </instructionResult>
      <instructionResult>
        <instruction>{id='decisionTable_0_11', instruction='call', instanceName='decisionTable_0', methodName='watts', args=[]}</instruction>
        <slimResult>fail(a=0,5;e=0,500)</slimResult>
        <expectation>
          <status>fail</status>
          <instructionId>decisionTable_0_11</instructionId>
          <col>1</col>
          <row>3</row>
          <type>ReturnedValueExpectation</type>
          <actual>0,5</actual>
          <expected>0,500</expected>
        </expectation>
      </instructionResult>
      <instructionResult>
        <instruction>{id='decisionTable_0_12', instruction='call', instanceName='decisionTable_0', methodName='points', args=[]}</instruction>
        <slimResult>pass(true)</slimResult>
        <expectation>
          <status>pass</status>
          <instructionId>decisionTable_0_12</instructionId>
          <col>2</col>
          <row>3</row>
          <type>ReturnedValueExpectation</type>
          <evaluationMessage>true</evaluationMessage>
        </expectation>
      </instructionResult>
    </instructions>
  </result>
  <executionLog>
    <testSystem>slim:dotnet</testSystem>
    <command>dotnet /Users/bobanlapcevic/Desktop/CleanCode/CleanCoders/FitNesse/lib/Runner.dll -c /Users/bobanlapcevic/Desktop/CleanCode/CleanCoders/FitNesse/slim/suiteconfig.xml defaultPath 1</command>
    <exitCode>0</exitCode>
    <stdOut></stdOut>
    <stdErr></stdErr>
  </executionLog>
  <finalCounts>
    <right>0</right>
    <wrong>1</wrong>
    <ignores>0</ignores>
    <exceptions>0</exceptions>
  </finalCounts>
  <totalRunTimeInMillis>249</totalRunTimeInMillis>
</testResults>

