<?xml version="1.0"?>
<testResults>
  <FitNesseVersion>v20241207</FitNesseVersion>
  <rootPath>FrontPage.HP35</rootPath>
  <result>
    <counts>
      <right>0</right>
      <wrong>0</wrong>
      <ignores>0</ignores>
      <exceptions>6</exceptions>
    </counts>
    <date>2024-12-13T00:31:31+01:00</date>
    <runTimeInMillis>1</runTimeInMillis>
    <content>&lt;br/&gt;&lt;table&gt;
	&lt;tr&gt;
		&lt;td colspan="3"&gt;&lt;span class="fit_interpreter"&gt;Calculator&lt;/span&gt;&lt;/td&gt;
	&lt;/tr&gt;
	&lt;tr&gt;
		&lt;td&gt;&lt;span class="fit_member"&gt;volts&lt;/span&gt;&lt;/td&gt;
		&lt;td&gt;&lt;span class="fit_member"&gt;watts?&lt;/span&gt;&lt;/td&gt;
		&lt;td&gt;&lt;span class="fit_member"&gt;points?&lt;/span&gt;&lt;/td&gt;
	&lt;/tr&gt;
	&lt;tr&gt;
		&lt;td class="error"&gt;3.75&lt;hr /&gt;&lt;pre&gt;&lt;div class="fit_stacktrace"&gt;fitSharp.Machine.Exception.MemberMissingException: Member 'volts' with 1 parameter(s) not found for type 'Tests.FitNesse.CalculatorFixture'.
   at fitSharp.Machine.Model.TypedValue.ThrowExceptionIfNotValid()
   at fitSharp.Machine.Engine.ProcessorExtension.InvokeWithThrow[T](Processor`1 processor, TypedValue instance, MemberName memberName, Tree`1 parameters)
   at fitSharp.Fit.Service.InputBinding.Do(Tree`1 cell)
   at fitSharp.Fit.Service.Binding.Do(Tree`1 cell)
   at fit.ColumnFixture.DoCell(Parse cell, Int32 column)&lt;/div&gt;&lt;/pre&gt;&lt;/td&gt;
		&lt;td class="error"&gt;.500&lt;hr /&gt;&lt;pre&gt;&lt;div class="fit_stacktrace"&gt;fitSharp.Machine.Exception.MemberMissingException: Member 'watts' with 0 parameter(s) not found for type 'Tests.FitNesse.CalculatorFixture'.
   at fitSharp.Machine.Engine.ReflectionMember.Invoke(Object[] parameters)
   at fitSharp.Machine.Engine.ProcessorBase`2.Operate[O](Object[] parameters)
   at fitSharp.Fit.Engine.CellProcessorExtension.Check(CellProcessor processor, Object systemUnderTest, Tree`1 memberName, Tree`1 parameters, Tree`1 expectedCell)
   at fitSharp.Fit.Engine.CellProcessorExtension.Check(CellProcessor processor, Object systemUnderTest, Tree`1 memberName, Tree`1 expectedCell)
   at fitSharp.Fit.Service.CheckBinding.Do(Tree`1 cell)
   at fitSharp.Fit.Service.Binding.Do(Tree`1 cell)
   at fit.ColumnFixture.DoCell(Parse cell, Int32 column)&lt;/div&gt;&lt;/pre&gt;&lt;/td&gt;
		&lt;td class="error"&gt;false&lt;hr /&gt;&lt;pre&gt;&lt;div class="fit_stacktrace"&gt;fitSharp.Machine.Exception.MemberMissingException: Member 'points' with 0 parameter(s) not found for type 'Tests.FitNesse.CalculatorFixture'.
   at fitSharp.Machine.Engine.ReflectionMember.Invoke(Object[] parameters)
   at fitSharp.Machine.Engine.ProcessorBase`2.Operate[O](Object[] parameters)
   at fitSharp.Fit.Engine.CellProcessorExtension.Check(CellProcessor processor, Object systemUnderTest, Tree`1 memberName, Tree`1 parameters, Tree`1 expectedCell)
   at fitSharp.Fit.Engine.CellProcessorExtension.Check(CellProcessor processor, Object systemUnderTest, Tree`1 memberName, Tree`1 expectedCell)
   at fitSharp.Fit.Service.CheckBinding.Do(Tree`1 cell)
   at fitSharp.Fit.Service.Binding.Do(Tree`1 cell)
   at fit.ColumnFixture.DoCell(Parse cell, Int32 column)&lt;/div&gt;&lt;/pre&gt;&lt;/td&gt;
	&lt;/tr&gt;
	&lt;tr&gt;
		&lt;td class="error"&gt;3.10&lt;hr /&gt;&lt;pre&gt;&lt;div class="fit_stacktrace"&gt;fitSharp.Machine.Exception.MemberMissingException: Member 'volts' with 1 parameter(s) not found for type 'Tests.FitNesse.CalculatorFixture'.
   at fitSharp.Machine.Model.TypedValue.ThrowExceptionIfNotValid()
   at fitSharp.Machine.Engine.ProcessorExtension.InvokeWithThrow[T](Processor`1 processor, TypedValue instance, MemberName memberName, Tree`1 parameters)
   at fitSharp.Fit.Service.InputBinding.Do(Tree`1 cell)
   at fitSharp.Fit.Service.Binding.Do(Tree`1 cell)
   at fit.ColumnFixture.DoCell(Parse cell, Int32 column)&lt;/div&gt;&lt;/pre&gt;&lt;/td&gt;
		&lt;td class="error"&gt;.500&lt;hr /&gt;&lt;pre&gt;&lt;div class="fit_stacktrace"&gt;fitSharp.Machine.Exception.MemberMissingException: Member 'watts' with 0 parameter(s) not found for type 'Tests.FitNesse.CalculatorFixture'.
   at fitSharp.Machine.Engine.ReflectionMember.Invoke(Object[] parameters)
   at fitSharp.Machine.Engine.ProcessorBase`2.Operate[O](Object[] parameters)
   at fitSharp.Fit.Engine.CellProcessorExtension.Check(CellProcessor processor, Object systemUnderTest, Tree`1 memberName, Tree`1 parameters, Tree`1 expectedCell)
   at fitSharp.Fit.Engine.CellProcessorExtension.Check(CellProcessor processor, Object systemUnderTest, Tree`1 memberName, Tree`1 expectedCell)
   at fitSharp.Fit.Service.CheckBinding.Do(Tree`1 cell)
   at fitSharp.Fit.Service.Binding.Do(Tree`1 cell)
   at fit.ColumnFixture.DoCell(Parse cell, Int32 column)&lt;/div&gt;&lt;/pre&gt;&lt;/td&gt;
		&lt;td class="error"&gt;true&lt;hr /&gt;&lt;pre&gt;&lt;div class="fit_stacktrace"&gt;fitSharp.Machine.Exception.MemberMissingException: Member 'points' with 0 parameter(s) not found for type 'Tests.FitNesse.CalculatorFixture'.
   at fitSharp.Machine.Engine.ReflectionMember.Invoke(Object[] parameters)
   at fitSharp.Machine.Engine.ProcessorBase`2.Operate[O](Object[] parameters)
   at fitSharp.Fit.Engine.CellProcessorExtension.Check(CellProcessor processor, Object systemUnderTest, Tree`1 memberName, Tree`1 parameters, Tree`1 expectedCell)
   at fitSharp.Fit.Engine.CellProcessorExtension.Check(CellProcessor processor, Object systemUnderTest, Tree`1 memberName, Tree`1 expectedCell)
   at fitSharp.Fit.Service.CheckBinding.Do(Tree`1 cell)
   at fitSharp.Fit.Service.Binding.Do(Tree`1 cell)
   at fit.ColumnFixture.DoCell(Parse cell, Int32 column)&lt;/div&gt;&lt;/pre&gt;&lt;/td&gt;
	&lt;/tr&gt;
&lt;/table&gt;
</content>
    <relativePageName>HP35</relativePageName>
  </result>
  <executionLog>
    <testSystem>fit:dotnet</testSystem>
    <command>dotnet /Users/bobanlapcevic/Desktop/CleanCode/CleanCoders/FitNesse/lib/Runner.dll -c /Users/bobanlapcevic/Desktop/CleanCode/CleanCoders/FitNesse/suiteconfig.xml defaultPath Bobans-MacBook-Air.local 49976 3863</command>
    <exitCode>6</exitCode>
    <stdOut></stdOut>
    <stdErr></stdErr>
  </executionLog>
  <finalCounts>
    <right>0</right>
    <wrong>0</wrong>
    <ignores>0</ignores>
    <exceptions>1</exceptions>
  </finalCounts>
  <totalRunTimeInMillis>439</totalRunTimeInMillis>
</testResults>

