<?xml version="1.0"?>
<testResults>
  <FitNesseVersion>v20241207</FitNesseVersion>
  <rootPath>FrontPage.CalculatorTest_v2</rootPath>
  <executionLog>
    <testSystem>fit:dotnet</testSystem>
    <command>dotnet lib/Runner.dll -r fitSharp.Slim.Service.Runner Bobans-MacBook-Air.local 63389 3863</command>
    <exitCode>1</exitCode>
    <stdOut>System.Net.Sockets.SocketException (48): Address already in use
   at System.Net.Sockets.Socket.DoBind(EndPoint endPointSnapshot, SocketAddress socketAddress)
   at System.Net.Sockets.Socket.Bind(EndPoint localEP)
   at System.Net.Sockets.TcpListener.Start(Int32 backlog)
   at fitSharp.Slim.Service.Messenger.Make(Int32 port, Memory memory)
   at fitSharp.Slim.Service.Runner.ParseCommandLine(IList`1 commandLineArguments, Memory memory)
   at fitSharp.Slim.Service.Runner.Run(IList`1 commandLineArguments, Memory memory, ProgressReporter reporter)
   at fitSharp.Machine.Application.Shell.Run(Memory memory)
   at fitSharp.Machine.Application.Shell.ExecuteInApartment(Memory memory)
   at fitSharp.Machine.Application.Shell.RunInCurrentDomain(Memory memory)
   at fitSharp.Machine.Application.Shell.RunInDomain(Memory memory)
   at fitSharp.Machine.Model.Either`2.Select[R](Func`2 withLeft, Func`2 withRight)
   at fitSharp.Machine.Application.Shell.Run()
</stdOut>
    <stdErr></stdErr>
    <exception>FitClient external process terminated before a connection could be established</exception>
    <exception>FitClient external process terminated before a connection could be established</exception>
  </executionLog>
  <finalCounts>
    <right>0</right>
    <wrong>0</wrong>
    <ignores>0</ignores>
    <exceptions>1</exceptions>
  </finalCounts>
  <totalRunTimeInMillis>1055</totalRunTimeInMillis>
</testResults>

