<?xml version="1.0"?>
<testResults>
  <FitNesseVersion>v20241207</FitNesseVersion>
  <rootPath>FrontPage.CalculatorTest_v2</rootPath>
  <result>
    <counts>
      <right>0</right>
      <wrong>0</wrong>
      <ignores>0</ignores>
      <exceptions>4</exceptions>
    </counts>
    <date>2024-12-11T07:02:11+01:00</date>
    <runTimeInMillis>121</runTimeInMillis>
    <content>&lt;br/&gt;&lt;span class="meta"&gt;variable defined: COMMAND_PATTERN=%m /Users/bobanlapcevic/Documents/fitnesse/lib/Runner.dll -c suiteconfig.xml %p&lt;/span&gt;
&lt;br/&gt;&lt;span class="meta"&gt;variable defined: TEST_RUNNER=dotnet&lt;/span&gt;
&lt;br/&gt;&lt;br/&gt;&lt;br/&gt;&lt;table&gt;
	&lt;tr&gt;
		&lt;td colspan="3"&gt;&lt;span class="fit_interpreter"&gt;Tests.FitNesse.CalculatorFixture&lt;/span&gt;&lt;/td&gt;
	&lt;/tr&gt;
	&lt;tr&gt;
		&lt;td&gt;&lt;span class="fit_member"&gt;Num1&lt;/span&gt;&lt;/td&gt;
		&lt;td&gt;&lt;span class="fit_member"&gt;Num2&lt;/span&gt;&lt;/td&gt;
		&lt;td&gt;&lt;span class="fit_member"&gt;Result&lt;/span&gt;&lt;/td&gt;
	&lt;/tr&gt;
	&lt;tr&gt;
		&lt;td&gt;3&lt;/td&gt;
		&lt;td&gt;5&lt;/td&gt;
		&lt;td class="error"&gt;8&lt;hr /&gt;&lt;pre&gt;&lt;div class="fit_stacktrace"&gt;fitSharp.Machine.Exception.MemberMissingException: Member 'result' with 1 parameter(s) not found for type 'Tests.FitNesse.CalculatorFixture'.
   at fitSharp.Machine.Model.TypedValue.ThrowExceptionIfNotValid()
   at fitSharp.Machine.Engine.ProcessorExtension.InvokeWithThrow[T](Processor`1 processor, TypedValue instance, MemberName memberName, Tree`1 parameters)
   at fitSharp.Fit.Service.InputBinding.Do(Tree`1 cell)
   at fitSharp.Fit.Service.Binding.Do(Tree`1 cell)
   at fit.ColumnFixture.DoCell(Parse cell, Int32 column)&lt;/div&gt;&lt;/pre&gt;&lt;/td&gt;
	&lt;/tr&gt;
	&lt;tr&gt;
		&lt;td&gt;10&lt;/td&gt;
		&lt;td&gt;7&lt;/td&gt;
		&lt;td class="error"&gt;17&lt;hr /&gt;&lt;pre&gt;&lt;div class="fit_stacktrace"&gt;fitSharp.Machine.Exception.MemberMissingException: Member 'result' with 1 parameter(s) not found for type 'Tests.FitNesse.CalculatorFixture'.
   at fitSharp.Machine.Model.TypedValue.ThrowExceptionIfNotValid()
   at fitSharp.Machine.Engine.ProcessorExtension.InvokeWithThrow[T](Processor`1 processor, TypedValue instance, MemberName memberName, Tree`1 parameters)
   at fitSharp.Fit.Service.InputBinding.Do(Tree`1 cell)
   at fitSharp.Fit.Service.Binding.Do(Tree`1 cell)
   at fit.ColumnFixture.DoCell(Parse cell, Int32 column)&lt;/div&gt;&lt;/pre&gt;&lt;/td&gt;
	&lt;/tr&gt;
	&lt;tr&gt;
		&lt;td&gt;0&lt;/td&gt;
		&lt;td&gt;0&lt;/td&gt;
		&lt;td class="error"&gt;0&lt;hr /&gt;&lt;pre&gt;&lt;div class="fit_stacktrace"&gt;fitSharp.Machine.Exception.MemberMissingException: Member 'result' with 1 parameter(s) not found for type 'Tests.FitNesse.CalculatorFixture'.
   at fitSharp.Machine.Model.TypedValue.ThrowExceptionIfNotValid()
   at fitSharp.Machine.Engine.ProcessorExtension.InvokeWithThrow[T](Processor`1 processor, TypedValue instance, MemberName memberName, Tree`1 parameters)
   at fitSharp.Fit.Service.InputBinding.Do(Tree`1 cell)
   at fitSharp.Fit.Service.Binding.Do(Tree`1 cell)
   at fit.ColumnFixture.DoCell(Parse cell, Int32 column)&lt;/div&gt;&lt;/pre&gt;&lt;/td&gt;
	&lt;/tr&gt;
	&lt;tr&gt;
		&lt;td&gt;-3&lt;/td&gt;
		&lt;td&gt;-7&lt;/td&gt;
		&lt;td class="error"&gt;-10&lt;hr /&gt;&lt;pre&gt;&lt;div class="fit_stacktrace"&gt;fitSharp.Machine.Exception.MemberMissingException: Member 'result' with 1 parameter(s) not found for type 'Tests.FitNesse.CalculatorFixture'.
   at fitSharp.Machine.Model.TypedValue.ThrowExceptionIfNotValid()
   at fitSharp.Machine.Engine.ProcessorExtension.InvokeWithThrow[T](Processor`1 processor, TypedValue instance, MemberName memberName, Tree`1 parameters)
   at fitSharp.Fit.Service.InputBinding.Do(Tree`1 cell)
   at fitSharp.Fit.Service.Binding.Do(Tree`1 cell)
   at fit.ColumnFixture.DoCell(Parse cell, Int32 column)&lt;/div&gt;&lt;/pre&gt;&lt;/td&gt;
	&lt;/tr&gt;
&lt;/table&gt;
</content>
    <relativePageName>CalculatorTest_v2</relativePageName>
  </result>
  <executionLog>
    <testSystem>fit:dotnet</testSystem>
    <command>dotnet /Users/bobanlapcevic/Documents/fitnesse/lib/Runner.dll -c suiteconfig.xml defaultPath Bobans-MacBook-Air.local 54534 3863</command>
    <exitCode>4</exitCode>
    <stdOut></stdOut>
    <stdErr></stdErr>
  </executionLog>
  <finalCounts>
    <right>0</right>
    <wrong>0</wrong>
    <ignores>0</ignores>
    <exceptions>1</exceptions>
  </finalCounts>
  <totalRunTimeInMillis>463</totalRunTimeInMillis>
</testResults>

