<?xml version="1.0"?>
<testResults>
  <FitNesseVersion>v20241207</FitNesseVersion>
  <rootPath>FrontPage.CalculatorTest_v2</rootPath>
  <result>
    <counts>
      <right>4</right>
      <wrong>0</wrong>
      <ignores>0</ignores>
      <exceptions>0</exceptions>
    </counts>
    <date>2024-12-12T13:36:17+01:00</date>
    <runTimeInMillis>2</runTimeInMillis>
    <content>&lt;br/&gt;&lt;span class="meta"&gt;variable defined: COMMAND_PATTERN=%m /Users/bobanlapcevic/Desktop/CleanCode/CleanCoders/FitNesse/lib/Runner.dll -c /Users/bobanlapcevic/Desktop/CleanCode/CleanCoders/FitNesse/suiteconfig.xml %p&lt;/span&gt;
&lt;br/&gt;&lt;br/&gt;&lt;span class="meta"&gt;variable defined: TEST_RUNNER=dotnet&lt;/span&gt;
&lt;br/&gt;&lt;br/&gt;&lt;table&gt;
	&lt;tr&gt;
		&lt;td colspan="3"&gt;&lt;span class="fit_interpreter"&gt;Tests.FitNesse.CalculatorFixture&lt;/span&gt;&lt;/td&gt;
	&lt;/tr&gt;
	&lt;tr&gt;
		&lt;td&gt;&lt;span class="fit_member"&gt;Num1&lt;/span&gt;&lt;/td&gt;
		&lt;td&gt;&lt;span class="fit_member"&gt;Num2&lt;/span&gt;&lt;/td&gt;
		&lt;td&gt;&lt;span class="fit_member"&gt;Result?&lt;/span&gt;&lt;/td&gt;
	&lt;/tr&gt;
	&lt;tr&gt;
		&lt;td&gt;3&lt;/td&gt;
		&lt;td&gt;5&lt;/td&gt;
		&lt;td class="pass"&gt;8&lt;/td&gt;
	&lt;/tr&gt;
	&lt;tr&gt;
		&lt;td&gt;10&lt;/td&gt;
		&lt;td&gt;7&lt;/td&gt;
		&lt;td class="pass"&gt;17&lt;/td&gt;
	&lt;/tr&gt;
	&lt;tr&gt;
		&lt;td&gt;0&lt;/td&gt;
		&lt;td&gt;0&lt;/td&gt;
		&lt;td class="pass"&gt;0&lt;/td&gt;
	&lt;/tr&gt;
	&lt;tr&gt;
		&lt;td&gt;-3&lt;/td&gt;
		&lt;td&gt;-7&lt;/td&gt;
		&lt;td class="pass"&gt;-10&lt;/td&gt;
	&lt;/tr&gt;
&lt;/table&gt;
&lt;br/&gt;&lt;br/&gt;</content>
    <relativePageName>CalculatorTest_v2</relativePageName>
  </result>
  <executionLog>
    <testSystem>fit:dotnet</testSystem>
    <command>dotnet /Users/bobanlapcevic/Desktop/CleanCode/CleanCoders/FitNesse/lib/Runner.dll -c /Users/bobanlapcevic/Desktop/CleanCode/CleanCoders/FitNesse/suiteconfig.xml defaultPath Bobans-MacBook-Air.local 49223 3863</command>
    <exitCode>0</exitCode>
    <stdOut></stdOut>
    <stdErr></stdErr>
  </executionLog>
  <finalCounts>
    <right>1</right>
    <wrong>0</wrong>
    <ignores>0</ignores>
    <exceptions>0</exceptions>
  </finalCounts>
  <totalRunTimeInMillis>447</totalRunTimeInMillis>
</testResults>

