<?xml version="1.0"?>
<testResults>
  <FitNesseVersion>v20241207</FitNesseVersion>
  <rootPath>FrontPage.CalculatorTest_v2</rootPath>
  <executionLog>
    <testSystem>fit:fit.FitServer</testSystem>
    <command>dotnet /Users/bobanlapcevic/Documents/fitnesse/lib/Runner.dll -r fitSharp.Slim.Service.Runner&lt;br/&gt;&lt;br/&gt;&lt;br/&gt;| CalculatorFixture |&lt;br/&gt;| num1 | num2 | result |&lt;br/&gt;| 3 | 5 | 8 |&lt;br/&gt;| 10 | 7 | 17 |&lt;br/&gt;| 0 | 0 | 0 |&lt;br/&gt;| -3 | -7 | -10 | Bobans-MacBook-Air.local 64489 3863</command>
    <exitCode>1</exitCode>
    <stdOut>fitSharp.Machine.Exception.TypeMissingException: Type 'fitSharp.Slim.Service.Runner&lt;br/&gt;&lt;br/&gt;&lt;br/&gt;|' not found in assemblies:
    /usr/local/share/dotnet/shared/Microsoft.NETCore.App/8.0.8/System.Private.CoreLib.dll
    /Users/bobanlapcevic/Documents/fitnesse/lib/Runner.dll
    /usr/local/share/dotnet/shared/Microsoft.NETCore.App/8.0.8/System.Runtime.dll
    /Users/bobanlapcevic/Documents/fitnesse/lib/fitSharp.dll
    /usr/local/share/dotnet/shared/Microsoft.NETCore.App/8.0.8/System.Collections.dll
    /usr/local/share/dotnet/shared/Microsoft.NETCore.App/8.0.8/System.Linq.dll
Namespaces:
    fitSharp.Machine.Engine
   at fitSharp.Machine.Engine.ReflectionMember.Invoke(Object[] parameters)
   at fitSharp.Machine.Engine.ProcessorBase`2.Operate[O](Object[] parameters)
   at fitSharp.Machine.Engine.ProcessorExtension.Create[T](Processor`1 processor, NameMatcher memberName, Tree`1 parameters)
   at fitSharp.Machine.Engine.ProcessorExtension.Create[T](Processor`1 processor, String memberName, Tree`1 parameters)
   at fitSharp.Machine.Engine.ProcessorExtension.Create[T](Processor`1 processor, String membername)
   at fitSharp.Machine.Application.Shell.RunInCurrentDomain(Memory memory)
   at fitSharp.Machine.Application.Shell.RunInDomain(Memory memory)
   at fitSharp.Machine.Model.Either`2.Select[R](Func`2 withLeft, Func`2 withRight)
   at fitSharp.Machine.Application.Shell.Run()
</stdOut>
    <stdErr></stdErr>
    <exception>FitClient external process terminated before a connection could be established</exception>
    <exception>FitClient external process terminated before a connection could be established</exception>
  </executionLog>
  <finalCounts>
    <right>0</right>
    <wrong>0</wrong>
    <ignores>0</ignores>
    <exceptions>1</exceptions>
  </finalCounts>
  <totalRunTimeInMillis>1055</totalRunTimeInMillis>
</testResults>

