<?xml version="1.0"?>
<testResults>
  <FitNesseVersion>v20241207</FitNesseVersion>
  <rootPath>FrontPage.CalculatorTest_v2</rootPath>
  <executionLog>
    <testSystem>fit:/Users/bobanlapcevic/Documents/fitnesse/lib/Runner.dll</testSystem>
    <command>/Users/bobanlapcevic/Documents/fitnesse/lib/Runner.dll -r fitnesse.fitserver.FitServer /Users/bobanlapcevic/Desktop/MESModule/MESModule/Tests.FitNesse/bin/Debug/net8.0/Tests.FitNesse.dll Bobans-MacBook-Air.local 64245 3863</command>
    <exitCode>126</exitCode>
    <stdOut></stdOut>
    <stdErr>/Users/bobanlapcevic/Documents/fitnesse/lib/Runner.dll: /Users/bobanlapcevic/Documents/fitnesse/lib/Runner.dll: cannot execute binary file
</stdErr>
    <exception>FitClient external process terminated before a connection could be established</exception>
    <exception>FitClient external process terminated before a connection could be established</exception>
  </executionLog>
  <finalCounts>
    <right>0</right>
    <wrong>0</wrong>
    <ignores>0</ignores>
    <exceptions>1</exceptions>
  </finalCounts>
  <totalRunTimeInMillis>1076</totalRunTimeInMillis>
</testResults>

