<?xml version="1.0"?>
<testResults>
  <FitNesseVersion>v20241207</FitNesseVersion>
  <rootPath>FrontPage.CalculatorTest_v2</rootPath>
  <executionLog>
    <testSystem>fit:dotnet</testSystem>
    <command>dotnet /Users/bobanlapcevic/Documents/fitnesse/lib/Runner.dll -c suiteconfig defaultPath Bobans-MacBook-Air.local 50998 3863</command>
    <exitCode>1</exitCode>
    <stdOut>Suite configuration file 'suiteconfig' does not exist.
Usage:
	dotnet [ -r runnerClass ][ -a appConfigFile ][ -c suiteConfigFile ] ...
</stdOut>
    <stdErr></stdErr>
    <exception>FitClient external process terminated before a connection could be established</exception>
    <exception>FitClient external process terminated before a connection could be established</exception>
  </executionLog>
  <finalCounts>
    <right>0</right>
    <wrong>0</wrong>
    <ignores>0</ignores>
    <exceptions>1</exceptions>
  </finalCounts>
  <totalRunTimeInMillis>1036</totalRunTimeInMillis>
</testResults>

