<?xml version="1.0"?>
<testResults>
  <FitNesseVersion>v20241207</FitNesseVersion>
  <rootPath>FrontPage.CalculatorTest_v2</rootPath>
  <executionLog>
    <testSystem>fit:dotnet</testSystem>
    <command>dotnet /Users/bobanlapcevic/Documents/fitnesse/lib/Runner.dll -c suiteconfig.xml {.\Tests.FitNesse.dll} Bobans-MacBook-Air.local 51516 3863</command>
    <exitCode>1</exitCode>
    <stdOut>System.IO.FileNotFoundException: Could not load file or assembly '/Users/bobanlapcevic/Documents/fitnesse/{.\Tests.FitNesse.dll}'. The system cannot find the file specified.

File name: '/Users/bobanlapcevic/Documents/fitnesse/{.\Tests.FitNesse.dll}'
   at System.Runtime.Loader.AssemblyLoadContext.LoadFromAssemblyPath(String assemblyPath)
   at System.Reflection.Assembly.LoadFrom(String assemblyFile)
   at fitSharp.Machine.Engine.CurrentDomain.LoadAssembly(String assemblyPath)
   at fitSharp.Machine.Engine.ApplicationUnderTest.Assemblies.AddAssembly(String name)
   at fitSharp.Machine.Engine.ApplicationUnderTest.AddAssembly(String assemblyName)
   at fitSharp.Machine.Engine.ApplicationUnderTest.AddAssemblies(IEnumerable`1 assemblyNames)
   at fitnesse.fitserver.FitServer.ParseCommandLineArguments(IEnumerable`1 args)
   at fitnesse.fitserver.FitServer.Run(IList`1 CommandLineArguments)
   at fitnesse.fitserver.FitServer.Run(IList`1 commandLineArguments, Memory memory, ProgressReporter reporter)
   at fitSharp.Machine.Application.Shell.Run(Memory memory)
   at fitSharp.Machine.Application.Shell.ExecuteInApartment(Memory memory)
   at fitSharp.Machine.Application.Shell.RunInCurrentDomain(Memory memory)
   at fitSharp.Machine.Application.Shell.RunInDomain(Memory memory)
   at fitSharp.Machine.Model.Either`2.Select[R](Func`2 withLeft, Func`2 withRight)
   at fitSharp.Machine.Application.Shell.Run()
</stdOut>
    <stdErr></stdErr>
    <exception>FitClient external process terminated before a connection could be established</exception>
    <exception>FitClient external process terminated before a connection could be established</exception>
  </executionLog>
  <finalCounts>
    <right>0</right>
    <wrong>0</wrong>
    <ignores>0</ignores>
    <exceptions>1</exceptions>
  </finalCounts>
  <totalRunTimeInMillis>1047</totalRunTimeInMillis>
</testResults>

