<?xml version="1.0"?>
<testResults>
  <FitNesseVersion>v20241207</FitNesseVersion>
  <rootPath>FrontPage.CalculatorTest_v2</rootPath>
  <executionLog>
    <testSystem>fit:dotnet</testSystem>
    <command>dotnet /Users/bobanlapcevic/Documents/fitnesse/lib/Runner.dll -c suiteconfig.xml defaultPath Bobans-MacBook-Air.local 51061 3863</command>
    <exitCode>1</exitCode>
    <stdOut>System.Reflection.TargetInvocationException: Exception has been thrown by the target of an invocation.
 ---&gt; System.IO.FileNotFoundException: Could not load file or assembly '/Users/bobanlapcevic/Documents/fitnesse/Tests.FitNesse.dll'. The system cannot find the file specified.

File name: '/Users/bobanlapcevic/Documents/fitnesse/Tests.FitNesse.dll'
   at System.Runtime.Loader.AssemblyLoadContext.LoadFromAssemblyPath(String assemblyPath)
   at System.Reflection.Assembly.LoadFrom(String assemblyFile)
   at fitSharp.Machine.Engine.CurrentDomain.LoadAssembly(String assemblyPath)
   at fitSharp.Machine.Engine.ApplicationUnderTest.Assemblies.AddAssembly(String name)
   at fitSharp.Machine.Engine.ApplicationUnderTest.AddAssembly(String assemblyName)
   at System.RuntimeMethodHandle.InvokeMethod(Object target, Void** arguments, Signature sig, Boolean isConstructor)
   at System.Reflection.MethodBaseInvoker.InvokeDirectByRefWithFewArgs(Object obj, Span`1 copyOfArgs, BindingFlags invokeAttr)
   --- End of inner exception stack trace ---
   at fitSharp.Machine.Model.TypedValue.ThrowExceptionIfNotValid()
   at fitSharp.Machine.Engine.ProcessorExtension.InvokeWithThrow[T](Processor`1 processor, TypedValue instance, MemberName memberName, Tree`1 parameters)
   at fitSharp.Machine.Application.SuiteConfiguration.LoadNode(String typeName, XmlNode methodNode)
   at fitSharp.Machine.Application.SuiteConfiguration.LoadXml(String configurationXml)
   at fitSharp.Machine.Application.ShellArguments.&lt;&gt;c__DisplayClass3_0.&lt;LoadMemory&gt;b__0(String value)
   at fitSharp.Machine.Application.ArgumentParser.InvokeArgumentHandler(String switch, String argumentValue)
   at fitSharp.Machine.Application.ArgumentParser.Parse(IList`1 commandLineArguments)
   at fitSharp.Machine.Application.ShellArguments.LoadMemory()
   at fitSharp.Machine.Application.Shell.Run()
</stdOut>
    <stdErr></stdErr>
    <exception>FitClient external process terminated before a connection could be established</exception>
    <exception>FitClient external process terminated before a connection could be established</exception>
  </executionLog>
  <finalCounts>
    <right>0</right>
    <wrong>0</wrong>
    <ignores>0</ignores>
    <exceptions>1</exceptions>
  </finalCounts>
  <totalRunTimeInMillis>1052</totalRunTimeInMillis>
</testResults>

