<?xml version="1.0"?>
<testResults>
  <FitNesseVersion>v20241207</FitNesseVersion>
  <rootPath>FrontPage.CalculatorTest_v2</rootPath>
  <executionLog>
    <testSystem>fit:dotnet</testSystem>
    <command>dotnet \Users\bobanlapcevic\Documents\fitnesse\lib\Runner.dll -c suiteconfig defaultPath Bobans-MacBook-Air.local 50932 3863</command>
    <exitCode>1</exitCode>
    <stdOut>Possible reasons for this include:
  * You misspelled a built-in dotnet command.
  * You intended to execute a .NET program, but dotnet-\Users\bobanlapcevic\Documents\fitnesse\lib\Runner.dll does not exist.
  * You intended to run a global tool, but a dotnet-prefixed executable with this name could not be found on the PATH.
</stdOut>
    <stdErr>Could not execute because the specified command or file was not found.
</stdErr>
    <exception>FitClient external process terminated before a connection could be established</exception>
    <exception>FitClient external process terminated before a connection could be established</exception>
  </executionLog>
  <finalCounts>
    <right>0</right>
    <wrong>0</wrong>
    <ignores>0</ignores>
    <exceptions>1</exceptions>
  </finalCounts>
  <totalRunTimeInMillis>1079</totalRunTimeInMillis>
</testResults>

