<?xml version="1.0"?>
<testResults>
  <FitNesseVersion>v20241207</FitNesseVersion>
  <rootPath>FrontPage.CalculatorTest_v2</rootPath>
  <result>
    <counts>
      <right>3</right>
      <wrong>0</wrong>
      <ignores>0</ignores>
      <exceptions>0</exceptions>
    </counts>
    <date>2024-12-11T07:19:43+01:00</date>
    <runTimeInMillis>1</runTimeInMillis>
    <content>&lt;br/&gt;&lt;span class="meta"&gt;variable defined: COMMAND_PATTERN=%m /Users/bobanlapcevic/Documents/fitnesse/lib/Runner.dll -c suiteconfig.xml %p&lt;/span&gt;
&lt;br/&gt;&lt;span class="meta"&gt;variable defined: TEST_RUNNER=dotnet&lt;/span&gt;
&lt;br/&gt;&lt;br/&gt;&lt;br/&gt;&lt;table&gt;
	&lt;tr&gt;
		&lt;td colspan="3"&gt;&lt;span class="fit_interpreter"&gt;Tests.FitNesse.CalculatorFixture&lt;/span&gt;&lt;/td&gt;
	&lt;/tr&gt;
	&lt;tr&gt;
		&lt;td&gt;&lt;span class="fit_member"&gt;numerator&lt;/span&gt;&lt;/td&gt;
		&lt;td&gt;&lt;span class="fit_member"&gt;denominator&lt;/span&gt;&lt;/td&gt;
		&lt;td&gt;&lt;span class="fit_member"&gt;quotient?&lt;/span&gt;&lt;/td&gt;
	&lt;/tr&gt;
	&lt;tr&gt;
		&lt;td&gt;10&lt;/td&gt;
		&lt;td&gt;2&lt;/td&gt;
		&lt;td class="pass"&gt;5&lt;/td&gt;
	&lt;/tr&gt;
	&lt;tr&gt;
		&lt;td&gt;12.6&lt;/td&gt;
		&lt;td&gt;3&lt;/td&gt;
		&lt;td class="pass"&gt;4.2&lt;/td&gt;
	&lt;/tr&gt;
	&lt;tr&gt;
		&lt;td&gt;100&lt;/td&gt;
		&lt;td&gt;4&lt;/td&gt;
		&lt;td class="pass"&gt;25&lt;/td&gt;
	&lt;/tr&gt;
&lt;/table&gt;
</content>
    <relativePageName>CalculatorTest_v2</relativePageName>
  </result>
  <executionLog>
    <testSystem>fit:dotnet</testSystem>
    <command>dotnet /Users/bobanlapcevic/Documents/fitnesse/lib/Runner.dll -c suiteconfig.xml defaultPath Bobans-MacBook-Air.local 54692 3863</command>
    <exitCode>0</exitCode>
    <stdOut></stdOut>
    <stdErr></stdErr>
  </executionLog>
  <finalCounts>
    <right>1</right>
    <wrong>0</wrong>
    <ignores>0</ignores>
    <exceptions>0</exceptions>
  </finalCounts>
  <totalRunTimeInMillis>333</totalRunTimeInMillis>
</testResults>

