<?xml version="1.0"?>
<testResults>
  <FitNesseVersion>v20241207</FitNesseVersion>
  <rootPath>FrontPage.CalculatorTest_v2</rootPath>
  <executionLog>
    <testSystem></testSystem>
    <command></command>
    <exitCode>0</exitCode>
    <stdOut></stdOut>
    <stdErr></stdErr>
    <exception>Cannot run program "dotnet\Runner.dll": error=2, No such file or directory</exception>
  </executionLog>
  <finalCounts>
    <right>0</right>
    <wrong>0</wrong>
    <ignores>0</ignores>
    <exceptions>1</exceptions>
  </finalCounts>
  <totalRunTimeInMillis>12</totalRunTimeInMillis>
</testResults>

