<?xml version="1.0"?>
<testResults>
  <FitNesseVersion>v20241207</FitNesseVersion>
  <rootPath>FrontPage.CalculatorTest_v2</rootPath>
  <result>
    <counts>
      <right>4</right>
      <wrong>0</wrong>
      <ignores>0</ignores>
      <exceptions>0</exceptions>
    </counts>
    <date>2024-12-13T03:51:29+01:00</date>
    <runTimeInMillis>26</runTimeInMillis>
    <content>&lt;br/&gt;&lt;span class="meta"&gt;variable defined: COMMAND_PATTERN=%m /Users/bobanlapcevic/Desktop/CleanCode/CleanCoders/FitNesse/lib/Runner.dll -c /Users/bobanlapcevic/Desktop/CleanCode/CleanCoders/FitNesse/slim/suiteconfig.xml %p&lt;/span&gt;
&lt;br/&gt;&lt;br/&gt;&lt;span class="meta"&gt;variable defined: TEST_RUNNER=dotnet&lt;/span&gt;
&lt;br/&gt;&lt;span class="meta"&gt;variable defined: TEST_SYSTEM=slim&lt;/span&gt;
&lt;br/&gt;&lt;br/&gt;&lt;br/&gt;&lt;table&gt;
	&lt;tr class="slimRowTitle"&gt;
		&lt;td colspan="3"&gt;&lt;span class="pass"&gt;Tests.FitNesse.CalculatorFixture&lt;/span&gt;&lt;/td&gt;
	&lt;/tr&gt;
	&lt;tr class="slimRowTitle"&gt;
		&lt;td&gt;Num1&lt;/td&gt;
		&lt;td&gt;Num2&lt;/td&gt;
		&lt;td&gt;Result?&lt;/td&gt;
	&lt;/tr&gt;
	&lt;tr class="slimRowColor1"&gt;
		&lt;td&gt;3&lt;/td&gt;
		&lt;td&gt;5&lt;/td&gt;
		&lt;td&gt;&lt;span class="pass"&gt;8&lt;/span&gt;&lt;/td&gt;
	&lt;/tr&gt;
	&lt;tr class="slimRowColor0"&gt;
		&lt;td&gt;10&lt;/td&gt;
		&lt;td&gt;7&lt;/td&gt;
		&lt;td&gt;&lt;span class="pass"&gt;17&lt;/span&gt;&lt;/td&gt;
	&lt;/tr&gt;
	&lt;tr class="slimRowColor1"&gt;
		&lt;td&gt;0&lt;/td&gt;
		&lt;td&gt;0&lt;/td&gt;
		&lt;td&gt;&lt;span class="pass"&gt;0&lt;/span&gt;&lt;/td&gt;
	&lt;/tr&gt;
	&lt;tr class="slimRowColor0"&gt;
		&lt;td&gt;-3&lt;/td&gt;
		&lt;td&gt;-7&lt;/td&gt;
		&lt;td&gt;&lt;span class="pass"&gt;-10&lt;/span&gt;&lt;/td&gt;
	&lt;/tr&gt;
&lt;/table&gt;
&lt;br/&gt;&lt;br/&gt;</content>
    <relativePageName>CalculatorTest_v2</relativePageName>
    <tags>test</tags>
    <instructions>
      <instructionResult>
        <instruction>{id='decisionTable_0_0', instruction='make', instanceName='decisionTable_0', className='Tests.FitNesse.CalculatorFixture', args=[]}</instruction>
        <slimResult>pass(Tests.FitNesse.CalculatorFixture)</slimResult>
        <expectation>
          <status>pass</status>
          <instructionId>decisionTable_0_0</instructionId>
          <col>0</col>
          <row>0</row>
          <type>ConstructionExpectation</type>
          <evaluationMessage>Tests.FitNesse.CalculatorFixture</evaluationMessage>
        </expectation>
      </instructionResult>
      <instructionResult>
        <instruction>{id='decisionTable_0_4', instruction='call', instanceName='decisionTable_0', methodName='setNum1', args=[3]}</instruction>
        <slimResult></slimResult>
        <expectation>
          <instructionId>decisionTable_0_4</instructionId>
          <col>0</col>
          <row>2</row>
          <type>VoidReturnExpectation</type>
        </expectation>
      </instructionResult>
      <instructionResult>
        <instruction>{id='decisionTable_0_5', instruction='call', instanceName='decisionTable_0', methodName='setNum2', args=[5]}</instruction>
        <slimResult></slimResult>
        <expectation>
          <instructionId>decisionTable_0_5</instructionId>
          <col>1</col>
          <row>2</row>
          <type>VoidReturnExpectation</type>
        </expectation>
      </instructionResult>
      <instructionResult>
        <instruction>{id='decisionTable_0_7', instruction='call', instanceName='decisionTable_0', methodName='Result', args=[]}</instruction>
        <slimResult>pass(8)</slimResult>
        <expectation>
          <status>pass</status>
          <instructionId>decisionTable_0_7</instructionId>
          <col>2</col>
          <row>2</row>
          <type>ReturnedValueExpectation</type>
          <evaluationMessage>8</evaluationMessage>
        </expectation>
      </instructionResult>
      <instructionResult>
        <instruction>{id='decisionTable_0_9', instruction='call', instanceName='decisionTable_0', methodName='setNum1', args=[10]}</instruction>
        <slimResult></slimResult>
        <expectation>
          <instructionId>decisionTable_0_9</instructionId>
          <col>0</col>
          <row>3</row>
          <type>VoidReturnExpectation</type>
        </expectation>
      </instructionResult>
      <instructionResult>
        <instruction>{id='decisionTable_0_10', instruction='call', instanceName='decisionTable_0', methodName='setNum2', args=[7]}</instruction>
        <slimResult></slimResult>
        <expectation>
          <instructionId>decisionTable_0_10</instructionId>
          <col>1</col>
          <row>3</row>
          <type>VoidReturnExpectation</type>
        </expectation>
      </instructionResult>
      <instructionResult>
        <instruction>{id='decisionTable_0_12', instruction='call', instanceName='decisionTable_0', methodName='Result', args=[]}</instruction>
        <slimResult>pass(17)</slimResult>
        <expectation>
          <status>pass</status>
          <instructionId>decisionTable_0_12</instructionId>
          <col>2</col>
          <row>3</row>
          <type>ReturnedValueExpectation</type>
          <evaluationMessage>17</evaluationMessage>
        </expectation>
      </instructionResult>
      <instructionResult>
        <instruction>{id='decisionTable_0_14', instruction='call', instanceName='decisionTable_0', methodName='setNum1', args=[0]}</instruction>
        <slimResult></slimResult>
        <expectation>
          <instructionId>decisionTable_0_14</instructionId>
          <col>0</col>
          <row>4</row>
          <type>VoidReturnExpectation</type>
        </expectation>
      </instructionResult>
      <instructionResult>
        <instruction>{id='decisionTable_0_15', instruction='call', instanceName='decisionTable_0', methodName='setNum2', args=[0]}</instruction>
        <slimResult></slimResult>
        <expectation>
          <instructionId>decisionTable_0_15</instructionId>
          <col>1</col>
          <row>4</row>
          <type>VoidReturnExpectation</type>
        </expectation>
      </instructionResult>
      <instructionResult>
        <instruction>{id='decisionTable_0_17', instruction='call', instanceName='decisionTable_0', methodName='Result', args=[]}</instruction>
        <slimResult>pass(0)</slimResult>
        <expectation>
          <status>pass</status>
          <instructionId>decisionTable_0_17</instructionId>
          <col>2</col>
          <row>4</row>
          <type>ReturnedValueExpectation</type>
          <evaluationMessage>0</evaluationMessage>
        </expectation>
      </instructionResult>
      <instructionResult>
        <instruction>{id='decisionTable_0_19', instruction='call', instanceName='decisionTable_0', methodName='setNum1', args=[-3]}</instruction>
        <slimResult></slimResult>
        <expectation>
          <instructionId>decisionTable_0_19</instructionId>
          <col>0</col>
          <row>5</row>
          <type>VoidReturnExpectation</type>
        </expectation>
      </instructionResult>
      <instructionResult>
        <instruction>{id='decisionTable_0_20', instruction='call', instanceName='decisionTable_0', methodName='setNum2', args=[-7]}</instruction>
        <slimResult></slimResult>
        <expectation>
          <instructionId>decisionTable_0_20</instructionId>
          <col>1</col>
          <row>5</row>
          <type>VoidReturnExpectation</type>
        </expectation>
      </instructionResult>
      <instructionResult>
        <instruction>{id='decisionTable_0_22', instruction='call', instanceName='decisionTable_0', methodName='Result', args=[]}</instruction>
        <slimResult>pass(-10)</slimResult>
        <expectation>
          <status>pass</status>
          <instructionId>decisionTable_0_22</instructionId>
          <col>2</col>
          <row>5</row>
          <type>ReturnedValueExpectation</type>
          <evaluationMessage>-10</evaluationMessage>
        </expectation>
      </instructionResult>
    </instructions>
  </result>
  <executionLog>
    <testSystem>slim:dotnet</testSystem>
    <command>dotnet /Users/bobanlapcevic/Desktop/CleanCode/CleanCoders/FitNesse/lib/Runner.dll -c /Users/bobanlapcevic/Desktop/CleanCode/CleanCoders/FitNesse/slim/suiteconfig.xml defaultPath 1</command>
    <exitCode>0</exitCode>
    <stdOut></stdOut>
    <stdErr></stdErr>
  </executionLog>
  <finalCounts>
    <right>1</right>
    <wrong>0</wrong>
    <ignores>0</ignores>
    <exceptions>0</exceptions>
  </finalCounts>
  <totalRunTimeInMillis>239</totalRunTimeInMillis>
</testResults>

