<?xml version="1.0"?>
<testResults>
  <FitNesseVersion>v20241207</FitNesseVersion>
  <rootPath>FrontPage.CalculatorTest_v2</rootPath>
  <executionLog>
    <testSystem>fit:dotnet</testSystem>
    <command>java -cp defaultPath dotnet Bobans-MacBook-Air.local 61813 3863</command>
    <exitCode>1</exitCode>
    <stdOut></stdOut>
    <stdErr>Error: Could not find or load main class dotnet
Caused by: java.lang.ClassNotFoundException: dotnet
</stdErr>
    <exception>FitClient external process terminated before a connection could be established</exception>
    <exception>FitClient external process terminated before a connection could be established</exception>
  </executionLog>
  <finalCounts>
    <right>0</right>
    <wrong>0</wrong>
    <ignores>0</ignores>
    <exceptions>1</exceptions>
  </finalCounts>
  <totalRunTimeInMillis>1059</totalRunTimeInMillis>
</testResults>

