<?xml version="1.0"?>
<testResults>
  <FitNesseVersion>v20241207</FitNesseVersion>
  <rootPath>CleanCoders.EpisodeOnePresentCodeCasts.PresentCodecasts</rootPath>
  <result>
    <counts>
      <right>0</right>
      <wrong>0</wrong>
      <ignores>0</ignores>
      <exceptions>13</exceptions>
    </counts>
    <date>2024-12-11T18:43:28+01:00</date>
    <runTimeInMillis>55</runTimeInMillis>
    <content>&lt;div class="collapsible closed"&gt;&lt;ul&gt;&lt;li&gt;&lt;a href='#' class='expandall'&gt;Expand&lt;/a&gt;&lt;/li&gt;&lt;li&gt;&lt;a href='#' class='collapseall'&gt;Collapse&lt;/a&gt;&lt;/li&gt;&lt;/ul&gt;
	&lt;p class="title"&gt;Included page: &lt;a href="CleanCoders.EpisodeOnePresentCodeCasts.ScenarioLibrary"&gt;.CleanCoders.EpisodeOnePresentCodeCasts.ScenarioLibrary&lt;/a&gt; &lt;a href="CleanCoders.EpisodeOnePresentCodeCasts.ScenarioLibrary?edit&amp;amp;redirectToReferer=true&amp;amp;redirectAction=" class="edit"&gt;(edit)&lt;/a&gt;&lt;/p&gt;
	&lt;div&gt;&lt;table&gt;
	&lt;tr class="slimRowTitle"&gt;
		&lt;td&gt;scenario&lt;/td&gt;
		&lt;td&gt;given no codecasts&lt;/td&gt;
	&lt;/tr&gt;
	&lt;tr class="slimRowColor4"&gt;
		&lt;td colspan="2"&gt;clear codecasts&lt;/td&gt;
	&lt;/tr&gt;
&lt;/table&gt;
&lt;br/&gt;&lt;table&gt;
	&lt;tr class="slimRowTitle"&gt;
		&lt;td&gt;scenario&lt;/td&gt;
		&lt;td&gt;with user _ logged in&lt;/td&gt;
		&lt;td&gt;user&lt;/td&gt;
	&lt;/tr&gt;
	&lt;tr class="slimRowColor6"&gt;
		&lt;td&gt;login user&lt;/td&gt;
		&lt;td colspan="2"&gt;@user&lt;/td&gt;
	&lt;/tr&gt;
&lt;/table&gt;
&lt;br/&gt;&lt;table&gt;
	&lt;tr class="slimRowTitle"&gt;
		&lt;td&gt;scenario&lt;/td&gt;
		&lt;td&gt;and with license for _ able to view _&lt;/td&gt;
		&lt;td colspan="2"&gt;user,codecast&lt;/td&gt;
	&lt;/tr&gt;
	&lt;tr class="slimRowColor8"&gt;
		&lt;td&gt;create license for&lt;/td&gt;
		&lt;td&gt;@user&lt;/td&gt;
		&lt;td&gt;viewing&lt;/td&gt;
		&lt;td&gt;@codecast&lt;/td&gt;
	&lt;/tr&gt;
&lt;/table&gt;
&lt;br/&gt;&lt;table&gt;
	&lt;tr class="slimRowTitle"&gt;
		&lt;td&gt;scenario&lt;/td&gt;
		&lt;td&gt;then presentation user will be _&lt;/td&gt;
		&lt;td&gt;user&lt;/td&gt;
	&lt;/tr&gt;
	&lt;tr class="slimRowColor0"&gt;
		&lt;td&gt;check&lt;/td&gt;
		&lt;td&gt;presentation user&lt;/td&gt;
		&lt;td&gt;@user&lt;/td&gt;
	&lt;/tr&gt;
&lt;/table&gt;
&lt;br/&gt;&lt;table&gt;
	&lt;tr class="slimRowTitle"&gt;
		&lt;td&gt;scenario&lt;/td&gt;
		&lt;td colspan="2"&gt;there will be no codecasts presented&lt;/td&gt;
	&lt;/tr&gt;
	&lt;tr class="slimRowColor0"&gt;
		&lt;td&gt;check&lt;/td&gt;
		&lt;td&gt;count of codecasts presented&lt;/td&gt;
		&lt;td&gt;0&lt;/td&gt;
	&lt;/tr&gt;
&lt;/table&gt;
&lt;br/&gt;&lt;/div&gt;
&lt;/div&gt;
&lt;div class="collapsible closed"&gt;&lt;ul&gt;&lt;li&gt;&lt;a href='#' class='expandall'&gt;Expand&lt;/a&gt;&lt;/li&gt;&lt;li&gt;&lt;a href='#' class='collapseall'&gt;Collapse&lt;/a&gt;&lt;/li&gt;&lt;/ul&gt;
	&lt;p class="title"&gt;Included page: &lt;a href="CleanCoders.SetUp"&gt;.CleanCoders.SetUp&lt;/a&gt; &lt;a href="CleanCoders.SetUp?edit&amp;amp;redirectToReferer=true&amp;amp;redirectAction=" class="edit"&gt;(edit)&lt;/a&gt;&lt;/p&gt;
	&lt;div&gt;&lt;table&gt;
	&lt;tr class="slimRowTitle"&gt;
		&lt;td&gt;import&lt;/td&gt;
	&lt;/tr&gt;
	&lt;tr class="slimRowColor0"&gt;
		&lt;td&gt;&lt;span class="pass"&gt;Tests.FitNesse&lt;/span&gt;&lt;/td&gt;
	&lt;/tr&gt;
&lt;/table&gt;
&lt;br/&gt;&lt;table&gt;
	&lt;tr class="slimRowTitle"&gt;
		&lt;td&gt;library&lt;/td&gt;
	&lt;/tr&gt;
	&lt;tr class="slimRowColor0"&gt;
		&lt;td&gt;codecast presentation &lt;span class="error"&gt;Could not invoke constructor for CodecastPresentation[0]&lt;/span&gt;&lt;/td&gt;
	&lt;/tr&gt;
&lt;/table&gt;
&lt;/div&gt;
&lt;/div&gt;
&lt;br/&gt;&lt;table&gt;
	&lt;tr class="slimRowTitle"&gt;
		&lt;td colspan="2"&gt;Given Codecasts &lt;span class="error"&gt;Could not invoke constructor for GivenCodecasts[0]&lt;/span&gt;&lt;/td&gt;
	&lt;/tr&gt;
	&lt;tr class="slimRowTitle"&gt;
		&lt;td&gt;title&lt;/td&gt;
		&lt;td&gt;published&lt;/td&gt;
	&lt;/tr&gt;
	&lt;tr class="slimRowColor1"&gt;
		&lt;td&gt;A &lt;span class="error"&gt;The instance decisionTable_7.setTitle. does not exist&lt;/span&gt;&lt;/td&gt;
		&lt;td&gt;3/1/2014 &lt;span class="error"&gt;The instance decisionTable_7.setPublished. does not exist&lt;/span&gt;&lt;/td&gt;
	&lt;/tr&gt;
	&lt;tr class="slimRowColor0"&gt;
		&lt;td&gt;B &lt;span class="error"&gt;The instance decisionTable_7.setTitle. does not exist&lt;/span&gt;&lt;/td&gt;
		&lt;td&gt;3/2/2014 &lt;span class="error"&gt;The instance decisionTable_7.setPublished. does not exist&lt;/span&gt;&lt;/td&gt;
	&lt;/tr&gt;
	&lt;tr class="slimRowColor1"&gt;
		&lt;td&gt;C &lt;span class="error"&gt;The instance decisionTable_7.setTitle. does not exist&lt;/span&gt;&lt;/td&gt;
		&lt;td&gt;2/18/2014 &lt;span class="error"&gt;The instance decisionTable_7.setPublished. does not exist&lt;/span&gt;&lt;/td&gt;
	&lt;/tr&gt;
&lt;/table&gt;
&lt;br/&gt;&lt;table&gt;
	&lt;tr class="slimRowTitle hidden"&gt;
		&lt;td&gt;script&lt;/td&gt;
	&lt;/tr&gt;
	&lt;tr class="scenario closed"&gt;
		&lt;td class="error"&gt;with user U logged in&lt;/td&gt;
	&lt;/tr&gt;&lt;tr class="scenario-detail closed-detail"&gt;&lt;td colspan="1"&gt;&lt;table&gt;
	&lt;tr class="slimRowTitle"&gt;
		&lt;td&gt;scenario&lt;/td&gt;
		&lt;td&gt;with user _ logged in&lt;/td&gt;
		&lt;td&gt;user&lt;/td&gt;
	&lt;/tr&gt;
	&lt;tr class="slimRowColor6"&gt;
		&lt;td&gt;login user &lt;span class="error"&gt;The instance scriptTableActor.loginUser. does not exist&lt;/span&gt;&lt;/td&gt;
		&lt;td colspan="2"&gt;U&lt;/td&gt;
	&lt;/tr&gt;
&lt;/table&gt;&lt;/td&gt;&lt;/tr&gt;
	&lt;tr class="scenario closed"&gt;
		&lt;td class="error"&gt;and with license for U able to view A&lt;/td&gt;
	&lt;/tr&gt;&lt;tr class="scenario-detail closed-detail"&gt;&lt;td colspan="1"&gt;&lt;table&gt;
	&lt;tr class="slimRowTitle"&gt;
		&lt;td&gt;scenario&lt;/td&gt;
		&lt;td&gt;and with license for _ able to view _&lt;/td&gt;
		&lt;td colspan="2"&gt;user,codecast&lt;/td&gt;
	&lt;/tr&gt;
	&lt;tr class="slimRowColor8"&gt;
		&lt;td&gt;create license for &lt;span class="error"&gt;The instance scriptTableActor.createLicenseForViewing. does not exist&lt;/span&gt;&lt;/td&gt;
		&lt;td&gt;U&lt;/td&gt;
		&lt;td&gt;viewing&lt;/td&gt;
		&lt;td&gt;A&lt;/td&gt;
	&lt;/tr&gt;
&lt;/table&gt;&lt;/td&gt;&lt;/tr&gt;
	&lt;tr class="scenario closed"&gt;
		&lt;td class="error"&gt;then presentation user will be U&lt;/td&gt;
	&lt;/tr&gt;&lt;tr class="scenario-detail closed-detail"&gt;&lt;td colspan="1"&gt;&lt;table&gt;
	&lt;tr class="slimRowTitle"&gt;
		&lt;td&gt;scenario&lt;/td&gt;
		&lt;td&gt;then presentation user will be _&lt;/td&gt;
		&lt;td&gt;user&lt;/td&gt;
	&lt;/tr&gt;
	&lt;tr class="slimRowColor0"&gt;
		&lt;td&gt;check&lt;/td&gt;
		&lt;td&gt;presentation user&lt;/td&gt;
		&lt;td&gt;U &lt;span class="error"&gt;The instance scriptTableActor.presentationUser. does not exist&lt;/span&gt;&lt;/td&gt;
	&lt;/tr&gt;
&lt;/table&gt;&lt;/td&gt;&lt;/tr&gt;
&lt;/table&gt;
&lt;br/&gt;&lt;table&gt;
	&lt;tr class="slimRowTitle"&gt;
		&lt;td colspan="4"&gt;Ordered query:of code casts &lt;span class="error"&gt;Could not invoke constructor for OfCodeCasts[0]&lt;/span&gt;&lt;/td&gt;
	&lt;/tr&gt;
	&lt;tr class="slimRowTitle"&gt;
		&lt;td&gt;title&lt;/td&gt;
		&lt;td&gt;picture&lt;/td&gt;
		&lt;td&gt;description&lt;/td&gt;
		&lt;td&gt;viewable&lt;/td&gt;
	&lt;/tr&gt;
	&lt;tr class="slimRowColor1"&gt;
		&lt;td&gt;C&lt;/td&gt;
		&lt;td&gt;C&lt;/td&gt;
		&lt;td&gt;C&lt;/td&gt;
		&lt;td&gt;false&lt;/td&gt;
	&lt;/tr&gt;
	&lt;tr class="slimRowColor0"&gt;
		&lt;td&gt;A&lt;/td&gt;
		&lt;td&gt;A&lt;/td&gt;
		&lt;td&gt;A&lt;/td&gt;
		&lt;td&gt;true&lt;/td&gt;
	&lt;/tr&gt;
	&lt;tr class="slimRowColor1"&gt;
		&lt;td&gt;B&lt;/td&gt;
		&lt;td&gt;B&lt;/td&gt;
		&lt;td&gt;B&lt;/td&gt;
		&lt;td&gt;false&lt;/td&gt;
	&lt;/tr&gt;
&lt;/table&gt;
</content>
    <relativePageName>PresentCodecasts</relativePageName>
    <instructions>
      <instructionResult>
        <instruction>{id='import_5_0', instruction='import', path='Tests.FitNesse'}</instruction>
        <slimResult>pass(Tests.FitNesse)</slimResult>
        <expectation>
          <status>pass</status>
          <instructionId>import_5_0</instructionId>
          <col>0</col>
          <row>1</row>
          <type>ImportExpectation</type>
          <evaluationMessage>Tests.FitNesse</evaluationMessage>
        </expectation>
      </instructionResult>
      <instructionResult>
        <instruction>{id='library_6_0', instruction='make', instanceName='library1', className='CodecastPresentation', args=[]}</instruction>
        <slimResult></slimResult>
        <expectation>
          <status>error</status>
          <instructionId>library_6_0</instructionId>
          <type>ConstructionExpectation</type>
          <evaluationMessage>Could not invoke constructor for CodecastPresentation[0]</evaluationMessage>
        </expectation>
      </instructionResult>
      <instructionResult>
        <instruction>{id='decisionTable_7_0', instruction='make', instanceName='decisionTable_7', className='GivenCodecasts', args=[]}</instruction>
        <slimResult></slimResult>
        <expectation>
          <status>error</status>
          <instructionId>decisionTable_7_0</instructionId>
          <type>ConstructionExpectation</type>
          <evaluationMessage>Could not invoke constructor for GivenCodecasts[0]</evaluationMessage>
        </expectation>
      </instructionResult>
      <instructionResult>
        <instruction>{id='decisionTable_7_4', instruction='call', instanceName='decisionTable_7', methodName='setTitle', args=[A]}</instruction>
        <slimResult></slimResult>
        <expectation>
          <status>error</status>
          <instructionId>decisionTable_7_4</instructionId>
          <type>VoidReturnExpectation</type>
          <evaluationMessage>The instance decisionTable_7.setTitle. does not exist</evaluationMessage>
        </expectation>
      </instructionResult>
      <instructionResult>
        <instruction>{id='decisionTable_7_5', instruction='call', instanceName='decisionTable_7', methodName='setPublished', args=[3/1/2014]}</instruction>
        <slimResult></slimResult>
        <expectation>
          <status>error</status>
          <instructionId>decisionTable_7_5</instructionId>
          <type>VoidReturnExpectation</type>
          <evaluationMessage>The instance decisionTable_7.setPublished. does not exist</evaluationMessage>
        </expectation>
      </instructionResult>
      <instructionResult>
        <instruction>{id='decisionTable_7_8', instruction='call', instanceName='decisionTable_7', methodName='setTitle', args=[B]}</instruction>
        <slimResult></slimResult>
        <expectation>
          <status>error</status>
          <instructionId>decisionTable_7_8</instructionId>
          <type>VoidReturnExpectation</type>
          <evaluationMessage>The instance decisionTable_7.setTitle. does not exist</evaluationMessage>
        </expectation>
      </instructionResult>
      <instructionResult>
        <instruction>{id='decisionTable_7_9', instruction='call', instanceName='decisionTable_7', methodName='setPublished', args=[3/2/2014]}</instruction>
        <slimResult></slimResult>
        <expectation>
          <status>error</status>
          <instructionId>decisionTable_7_9</instructionId>
          <type>VoidReturnExpectation</type>
          <evaluationMessage>The instance decisionTable_7.setPublished. does not exist</evaluationMessage>
        </expectation>
      </instructionResult>
      <instructionResult>
        <instruction>{id='decisionTable_7_12', instruction='call', instanceName='decisionTable_7', methodName='setTitle', args=[C]}</instruction>
        <slimResult></slimResult>
        <expectation>
          <status>error</status>
          <instructionId>decisionTable_7_12</instructionId>
          <type>VoidReturnExpectation</type>
          <evaluationMessage>The instance decisionTable_7.setTitle. does not exist</evaluationMessage>
        </expectation>
      </instructionResult>
      <instructionResult>
        <instruction>{id='decisionTable_7_13', instruction='call', instanceName='decisionTable_7', methodName='setPublished', args=[2/18/2014]}</instruction>
        <slimResult></slimResult>
        <expectation>
          <status>error</status>
          <instructionId>decisionTable_7_13</instructionId>
          <type>VoidReturnExpectation</type>
          <evaluationMessage>The instance decisionTable_7.setPublished. does not exist</evaluationMessage>
        </expectation>
      </instructionResult>
      <instructionResult>
        <instruction>{id='scriptTable_8_0/scriptTable_1_0', instruction='call', instanceName='scriptTableActor', methodName='loginUser', args=[U]}</instruction>
        <slimResult></slimResult>
        <expectation>
          <status>error</status>
          <instructionId>scriptTable_8_0/scriptTable_1_0</instructionId>
          <type>ScriptActionExpectation</type>
          <evaluationMessage>The instance scriptTableActor.loginUser. does not exist</evaluationMessage>
        </expectation>
      </instructionResult>
      <instructionResult>
        <instruction>{id='scriptTable_8_1/scriptTable_2_0', instruction='call', instanceName='scriptTableActor', methodName='createLicenseForViewing', args=[U, A]}</instruction>
        <slimResult></slimResult>
        <expectation>
          <status>error</status>
          <instructionId>scriptTable_8_1/scriptTable_2_0</instructionId>
          <type>ScriptActionExpectation</type>
          <evaluationMessage>The instance scriptTableActor.createLicenseForViewing. does not exist</evaluationMessage>
        </expectation>
      </instructionResult>
      <instructionResult>
        <instruction>{id='scriptTable_8_2/scriptTable_3_0', instruction='call', instanceName='scriptTableActor', methodName='presentationUser', args=[]}</instruction>
        <slimResult></slimResult>
        <expectation>
          <status>error</status>
          <instructionId>scriptTable_8_2/scriptTable_3_0</instructionId>
          <type>ReturnedValueExpectation</type>
          <evaluationMessage>The instance scriptTableActor.presentationUser. does not exist</evaluationMessage>
        </expectation>
      </instructionResult>
      <instructionResult>
        <instruction>{id='queryTable_9_0', instruction='make', instanceName='queryTable_9', className='OfCodeCasts', args=[]}</instruction>
        <slimResult></slimResult>
        <expectation>
          <status>error</status>
          <instructionId>queryTable_9_0</instructionId>
          <type>ConstructionExpectation</type>
          <evaluationMessage>Could not invoke constructor for OfCodeCasts[0]</evaluationMessage>
        </expectation>
      </instructionResult>
      <instructionResult>
        <instruction>{id='queryTable_9_2', instruction='call', instanceName='queryTable_9', methodName='query', args=[]}</instruction>
        <slimResult></slimResult>
        <expectation>
          <status>error</status>
          <instructionId>queryTable_9_2</instructionId>
          <type>QueryTableExpectation</type>
          <evaluationMessage>The instance queryTable_9.query. does not exist</evaluationMessage>
        </expectation>
      </instructionResult>
    </instructions>
  </result>
  <executionLog>
    <testSystem>slim:fitnesse.slim.SlimService</testSystem>
    <command>java -cp out/production/cleancoderscom:/Users/bobanlapcevic/Desktop/CleanCode/CleanCoders/FitNesse/fitnesse-standalone.jar fitnesse.slim.SlimService 1</command>
    <exitCode>0</exitCode>
    <stdOut></stdOut>
    <stdErr></stdErr>
  </executionLog>
  <finalCounts>
    <right>0</right>
    <wrong>0</wrong>
    <ignores>0</ignores>
    <exceptions>1</exceptions>
  </finalCounts>
  <totalRunTimeInMillis>291</totalRunTimeInMillis>
</testResults>

