<?xml version="1.0"?>
<suiteResults>
  <FitNesseVersion>v20241207</FitNesseVersion>
  <rootPath>CleanCoders</rootPath>
  <date>2024-12-11T18:33:03+01:00</date>
  <pageHistoryLink>CleanCoders?pageHistory&amp;resultDate=20241211183303</pageHistoryLink>
  <pageHistoryReference>
    <name>CleanCoders.EpisodeOnePresentCodeCasts.PresentCodecasts</name>
    <date>2024-12-11T18:33:03+01:00</date>
    <pageHistoryLink>CleanCoders.EpisodeOnePresentCodeCasts.PresentCodecasts?pageHistory&amp;resultDate=20241211183303</pageHistoryLink>
    <counts>
      <right>0</right>
      <wrong>0</wrong>
      <ignores>0</ignores>
      <exceptions>13</exceptions>
    </counts>
    <runTimeInMillis>55</runTimeInMillis>
  </pageHistoryReference>
  <pageHistoryReference>
    <name>CleanCoders.EpisodeOnePresentCodeCasts.PresentNoCodeCasts</name>
    <date>2024-12-11T18:33:03+01:00</date>
    <pageHistoryLink>CleanCoders.EpisodeOnePresentCodeCasts.PresentNoCodeCasts?pageHistory&amp;resultDate=20241211183303</pageHistoryLink>
    <counts>
      <right>0</right>
      <wrong>0</wrong>
      <ignores>0</ignores>
      <exceptions>6</exceptions>
    </counts>
    <runTimeInMillis>10</runTimeInMillis>
  </pageHistoryReference>
  <executionLog>
    <testSystem>slim:fitnesse.slim.SlimService</testSystem>
    <command>java -cp out/production/cleancoderscom:/Users/bobanlapcevic/Desktop/CleanCode/CleanCoders/FitNesse/fitnesse-standalone.jar fitnesse.slim.SlimService 1</command>
    <exitCode>0</exitCode>
    <stdOut></stdOut>
    <stdErr></stdErr>
  </executionLog>
  <finalCounts>
    <right>0</right>
    <wrong>0</wrong>
    <ignores>0</ignores>
    <exceptions>2</exceptions>
  </finalCounts>
  <totalRunTimeInMillis>280</totalRunTimeInMillis>
</suiteResults>

