<?xml version="1.0"?>
<testResults>
  <FitNesseVersion>v20241207</FitNesseVersion>
  <rootPath>FrontPage.CalculatorTest</rootPath>
  <result>
    <counts>
      <right>0</right>
      <wrong>0</wrong>
      <ignores>0</ignores>
      <exceptions>1</exceptions>
    </counts>
    <date>2024-12-10T10:03:55+01:00</date>
    <runTimeInMillis>2</runTimeInMillis>
    <content>&lt;br/&gt;&lt;table&gt;
	&lt;tr&gt;
		&lt;td colspan="3" class="error"&gt;CalculatorFixture&lt;a title="create page" href="FrontPage.CalculatorFixture?edit&amp;amp;nonExistent=true"&gt;[?]&lt;/a&gt;&lt;hr/&gt; &lt;span class="fit_label"&gt;Could not find fixture: CalculatorFixture.&lt;/span&gt;&lt;/td&gt;
	&lt;/tr&gt;
	&lt;tr&gt;
		&lt;td&gt;num1&lt;/td&gt;
		&lt;td&gt;num2&lt;/td&gt;
		&lt;td&gt;result&lt;/td&gt;
	&lt;/tr&gt;
	&lt;tr&gt;
		&lt;td&gt;3&lt;/td&gt;
		&lt;td&gt;5&lt;/td&gt;
		&lt;td&gt;8&lt;/td&gt;
	&lt;/tr&gt;
	&lt;tr&gt;
		&lt;td&gt;10&lt;/td&gt;
		&lt;td&gt;7&lt;/td&gt;
		&lt;td&gt;17&lt;/td&gt;
	&lt;/tr&gt;
&lt;/table&gt;
</content>
    <relativePageName>CalculatorTest</relativePageName>
  </result>
  <executionLog>
    <testSystem>fit:fit.FitServer</testSystem>
    <command>java -cp /Users/bobanlapcevic/Documents/fitnesse/fitnesse-standalone.jar fit.FitServer Bobans-MacBook-Air.local 62657 3863</command>
    <exitCode>1</exitCode>
    <stdOut></stdOut>
    <stdErr></stdErr>
  </executionLog>
  <finalCounts>
    <right>0</right>
    <wrong>0</wrong>
    <ignores>0</ignores>
    <exceptions>1</exceptions>
  </finalCounts>
  <totalRunTimeInMillis>279</totalRunTimeInMillis>
</testResults>

