<?xml version="1.0"?>
<testResults>
  <FitNesseVersion>v20241207</FitNesseVersion>
  <rootPath>FrontPage.CalculatorTest</rootPath>
  <executionLog>
    <testSystem>fit:dotnet</testSystem>
    <command>dotnet lib/Runner.dll -r fitSharp.Slim.Service.Runner Bobans-MacBook-Air.local 63291 3863</command>
    <exitCode>143</exitCode>
    <stdOut></stdOut>
    <stdErr></stdErr>
    <exception>FitClient was killed</exception>
    <exception>FitClient external process terminated before a connection could be established</exception>
  </executionLog>
  <finalCounts>
    <right>0</right>
    <wrong>0</wrong>
    <ignores>0</ignores>
    <exceptions>1</exceptions>
  </finalCounts>
  <totalRunTimeInMillis>60095</totalRunTimeInMillis>
</testResults>

