<?xml version="1.0"?>
<testResults>
  <FitNesseVersion>v20241207</FitNesseVersion>
  <rootPath>CleanCoders.EpisodeOnePresentCodeCasts.PresentNoCodeCasts</rootPath>
  <result>
    <counts>
      <right>0</right>
      <wrong>0</wrong>
      <ignores>0</ignores>
      <exceptions>6</exceptions>
    </counts>
    <date>2024-12-12T00:06:45+01:00</date>
    <runTimeInMillis>42</runTimeInMillis>
    <content>&lt;div class="collapsible closed"&gt;&lt;ul&gt;&lt;li&gt;&lt;a href='#' class='expandall'&gt;Expand&lt;/a&gt;&lt;/li&gt;&lt;li&gt;&lt;a href='#' class='collapseall'&gt;Collapse&lt;/a&gt;&lt;/li&gt;&lt;/ul&gt;
	&lt;p class="title"&gt;Included page: &lt;a href="CleanCoders.EpisodeOnePresentCodeCasts.ScenarioLibrary"&gt;.CleanCoders.EpisodeOnePresentCodeCasts.ScenarioLibrary&lt;/a&gt; &lt;a href="CleanCoders.EpisodeOnePresentCodeCasts.ScenarioLibrary?edit&amp;amp;redirectToReferer=true&amp;amp;redirectAction=" class="edit"&gt;(edit)&lt;/a&gt;&lt;/p&gt;
	&lt;div&gt;&lt;table&gt;
	&lt;tr class="slimRowTitle"&gt;
		&lt;td&gt;scenario&lt;/td&gt;
		&lt;td&gt;given no codecasts&lt;/td&gt;
	&lt;/tr&gt;
	&lt;tr class="slimRowColor4"&gt;
		&lt;td colspan="2"&gt;clear codecasts&lt;/td&gt;
	&lt;/tr&gt;
&lt;/table&gt;
&lt;br/&gt;&lt;table&gt;
	&lt;tr class="slimRowTitle"&gt;
		&lt;td&gt;scenario&lt;/td&gt;
		&lt;td&gt;with user _ logged in&lt;/td&gt;
		&lt;td&gt;user&lt;/td&gt;
	&lt;/tr&gt;
	&lt;tr class="slimRowColor6"&gt;
		&lt;td&gt;login user&lt;/td&gt;
		&lt;td colspan="2"&gt;@user&lt;/td&gt;
	&lt;/tr&gt;
&lt;/table&gt;
&lt;br/&gt;&lt;table&gt;
	&lt;tr class="slimRowTitle"&gt;
		&lt;td&gt;scenario&lt;/td&gt;
		&lt;td&gt;and with license for _ able to view _&lt;/td&gt;
		&lt;td colspan="2"&gt;user,codecast&lt;/td&gt;
	&lt;/tr&gt;
	&lt;tr class="slimRowColor8"&gt;
		&lt;td&gt;create license for&lt;/td&gt;
		&lt;td&gt;@user&lt;/td&gt;
		&lt;td&gt;viewing&lt;/td&gt;
		&lt;td&gt;@codecast&lt;/td&gt;
	&lt;/tr&gt;
&lt;/table&gt;
&lt;br/&gt;&lt;table&gt;
	&lt;tr class="slimRowTitle"&gt;
		&lt;td&gt;scenario&lt;/td&gt;
		&lt;td&gt;then presentation user will be _&lt;/td&gt;
		&lt;td&gt;user&lt;/td&gt;
	&lt;/tr&gt;
	&lt;tr class="slimRowColor0"&gt;
		&lt;td&gt;check&lt;/td&gt;
		&lt;td&gt;presentation user&lt;/td&gt;
		&lt;td&gt;@user&lt;/td&gt;
	&lt;/tr&gt;
&lt;/table&gt;
&lt;br/&gt;&lt;table&gt;
	&lt;tr class="slimRowTitle"&gt;
		&lt;td&gt;scenario&lt;/td&gt;
		&lt;td colspan="2"&gt;there will be no codecasts presented&lt;/td&gt;
	&lt;/tr&gt;
	&lt;tr class="slimRowColor0"&gt;
		&lt;td&gt;check&lt;/td&gt;
		&lt;td&gt;count of codecasts presented&lt;/td&gt;
		&lt;td&gt;0&lt;/td&gt;
	&lt;/tr&gt;
&lt;/table&gt;
&lt;br/&gt;&lt;/div&gt;
&lt;/div&gt;
&lt;div class="collapsible closed"&gt;&lt;ul&gt;&lt;li&gt;&lt;a href='#' class='expandall'&gt;Expand&lt;/a&gt;&lt;/li&gt;&lt;li&gt;&lt;a href='#' class='collapseall'&gt;Collapse&lt;/a&gt;&lt;/li&gt;&lt;/ul&gt;
	&lt;p class="title"&gt;Included page: &lt;a href="CleanCoders.SetUp"&gt;.CleanCoders.SetUp&lt;/a&gt; &lt;a href="CleanCoders.SetUp?edit&amp;amp;redirectToReferer=true&amp;amp;redirectAction=" class="edit"&gt;(edit)&lt;/a&gt;&lt;/p&gt;
	&lt;div&gt;&lt;span class="meta"&gt;variable defined: COMMAND_PATTERN=%m /Users/bobanlapcevic/Documents/fitnesse/lib/Runner.dll -c /Users/bobanlapcevic/Desktop/CleanCode/CleanCoders/FitNesse/suiteconfig.xml %p&lt;/span&gt;
&lt;br/&gt;&lt;span class="meta"&gt;variable defined: TEST_RUNNER=dotnet&lt;/span&gt;
&lt;br/&gt;&lt;br/&gt;&lt;br/&gt;&lt;table&gt;
	&lt;tr class="slimRowTitle"&gt;
		&lt;td&gt;library&lt;/td&gt;
	&lt;/tr&gt;
	&lt;tr class="slimRowColor0"&gt;
		&lt;td&gt;codecast presentation &lt;span class="error"&gt;Could not invoke constructor for CodecastPresentation[0]&lt;/span&gt;&lt;/td&gt;
	&lt;/tr&gt;
&lt;/table&gt;
&lt;br/&gt;&lt;/div&gt;
&lt;/div&gt;
&lt;br/&gt;&lt;table&gt;
	&lt;tr class="slimRowTitle hidden"&gt;
		&lt;td&gt;script&lt;/td&gt;
	&lt;/tr&gt;
	&lt;tr class="scenario closed"&gt;
		&lt;td class="error"&gt;given no codecasts&lt;/td&gt;
	&lt;/tr&gt;&lt;tr class="scenario-detail closed-detail"&gt;&lt;td colspan="1"&gt;&lt;table&gt;
	&lt;tr class="slimRowTitle"&gt;
		&lt;td&gt;scenario&lt;/td&gt;
		&lt;td&gt;given no codecasts&lt;/td&gt;
	&lt;/tr&gt;
	&lt;tr class="slimRowColor4"&gt;
		&lt;td colspan="2"&gt;clear codecasts &lt;span class="error"&gt;The instance scriptTableActor.clearCodecasts. does not exist&lt;/span&gt;&lt;/td&gt;
	&lt;/tr&gt;
&lt;/table&gt;&lt;/td&gt;&lt;/tr&gt;
	&lt;tr class="scenario closed"&gt;
		&lt;td class="error"&gt;with user U logged in&lt;/td&gt;
	&lt;/tr&gt;&lt;tr class="scenario-detail closed-detail"&gt;&lt;td colspan="1"&gt;&lt;table&gt;
	&lt;tr class="slimRowTitle"&gt;
		&lt;td&gt;scenario&lt;/td&gt;
		&lt;td&gt;with user _ logged in&lt;/td&gt;
		&lt;td&gt;user&lt;/td&gt;
	&lt;/tr&gt;
	&lt;tr class="slimRowColor6"&gt;
		&lt;td&gt;login user &lt;span class="error"&gt;The instance scriptTableActor.loginUser. does not exist&lt;/span&gt;&lt;/td&gt;
		&lt;td colspan="2"&gt;U&lt;/td&gt;
	&lt;/tr&gt;
&lt;/table&gt;&lt;/td&gt;&lt;/tr&gt;
	&lt;tr class="scenario closed"&gt;
		&lt;td class="error"&gt;and with license for U able to view A&lt;/td&gt;
	&lt;/tr&gt;&lt;tr class="scenario-detail closed-detail"&gt;&lt;td colspan="1"&gt;&lt;table&gt;
	&lt;tr class="slimRowTitle"&gt;
		&lt;td&gt;scenario&lt;/td&gt;
		&lt;td&gt;and with license for _ able to view _&lt;/td&gt;
		&lt;td colspan="2"&gt;user,codecast&lt;/td&gt;
	&lt;/tr&gt;
	&lt;tr class="slimRowColor8"&gt;
		&lt;td&gt;create license for &lt;span class="error"&gt;The instance scriptTableActor.createLicenseForViewing. does not exist&lt;/span&gt;&lt;/td&gt;
		&lt;td&gt;U&lt;/td&gt;
		&lt;td&gt;viewing&lt;/td&gt;
		&lt;td&gt;A&lt;/td&gt;
	&lt;/tr&gt;
&lt;/table&gt;&lt;/td&gt;&lt;/tr&gt;
	&lt;tr class="scenario closed"&gt;
		&lt;td class="error"&gt;then presentation user will be U&lt;/td&gt;
	&lt;/tr&gt;&lt;tr class="scenario-detail closed-detail"&gt;&lt;td colspan="1"&gt;&lt;table&gt;
	&lt;tr class="slimRowTitle"&gt;
		&lt;td&gt;scenario&lt;/td&gt;
		&lt;td&gt;then presentation user will be _&lt;/td&gt;
		&lt;td&gt;user&lt;/td&gt;
	&lt;/tr&gt;
	&lt;tr class="slimRowColor0"&gt;
		&lt;td&gt;check&lt;/td&gt;
		&lt;td&gt;presentation user&lt;/td&gt;
		&lt;td&gt;U &lt;span class="error"&gt;The instance scriptTableActor.presentationUser. does not exist&lt;/span&gt;&lt;/td&gt;
	&lt;/tr&gt;
&lt;/table&gt;&lt;/td&gt;&lt;/tr&gt;
	&lt;tr class="scenario closed"&gt;
		&lt;td class="error"&gt;there will be no codecasts presented&lt;/td&gt;
	&lt;/tr&gt;&lt;tr class="scenario-detail closed-detail"&gt;&lt;td colspan="1"&gt;&lt;table&gt;
	&lt;tr class="slimRowTitle"&gt;
		&lt;td&gt;scenario&lt;/td&gt;
		&lt;td colspan="2"&gt;there will be no codecasts presented&lt;/td&gt;
	&lt;/tr&gt;
	&lt;tr class="slimRowColor0"&gt;
		&lt;td&gt;check&lt;/td&gt;
		&lt;td&gt;count of codecasts presented&lt;/td&gt;
		&lt;td&gt;0 &lt;span class="error"&gt;The instance scriptTableActor.countOfCodecastsPresented. does not exist&lt;/span&gt;&lt;/td&gt;
	&lt;/tr&gt;
&lt;/table&gt;&lt;/td&gt;&lt;/tr&gt;
&lt;/table&gt;
&lt;br/&gt;&lt;br/&gt;</content>
    <relativePageName>PresentNoCodeCasts</relativePageName>
    <instructions>
      <instructionResult>
        <instruction>{id='library_5_0', instruction='make', instanceName='library1', className='CodecastPresentation', args=[]}</instruction>
        <slimResult></slimResult>
        <expectation>
          <status>error</status>
          <instructionId>library_5_0</instructionId>
          <type>ConstructionExpectation</type>
          <evaluationMessage>Could not invoke constructor for CodecastPresentation[0]</evaluationMessage>
        </expectation>
      </instructionResult>
      <instructionResult>
        <instruction>{id='scriptTable_6_0/scriptTable_0_0', instruction='call', instanceName='scriptTableActor', methodName='clearCodecasts', args=[]}</instruction>
        <slimResult></slimResult>
        <expectation>
          <status>error</status>
          <instructionId>scriptTable_6_0/scriptTable_0_0</instructionId>
          <type>ScriptActionExpectation</type>
          <evaluationMessage>The instance scriptTableActor.clearCodecasts. does not exist</evaluationMessage>
        </expectation>
      </instructionResult>
      <instructionResult>
        <instruction>{id='scriptTable_6_1/scriptTable_1_0', instruction='call', instanceName='scriptTableActor', methodName='loginUser', args=[U]}</instruction>
        <slimResult></slimResult>
        <expectation>
          <status>error</status>
          <instructionId>scriptTable_6_1/scriptTable_1_0</instructionId>
          <type>ScriptActionExpectation</type>
          <evaluationMessage>The instance scriptTableActor.loginUser. does not exist</evaluationMessage>
        </expectation>
      </instructionResult>
      <instructionResult>
        <instruction>{id='scriptTable_6_2/scriptTable_2_0', instruction='call', instanceName='scriptTableActor', methodName='createLicenseForViewing', args=[U, A]}</instruction>
        <slimResult></slimResult>
        <expectation>
          <status>error</status>
          <instructionId>scriptTable_6_2/scriptTable_2_0</instructionId>
          <type>ScriptActionExpectation</type>
          <evaluationMessage>The instance scriptTableActor.createLicenseForViewing. does not exist</evaluationMessage>
        </expectation>
      </instructionResult>
      <instructionResult>
        <instruction>{id='scriptTable_6_3/scriptTable_3_0', instruction='call', instanceName='scriptTableActor', methodName='presentationUser', args=[]}</instruction>
        <slimResult></slimResult>
        <expectation>
          <status>error</status>
          <instructionId>scriptTable_6_3/scriptTable_3_0</instructionId>
          <type>ReturnedValueExpectation</type>
          <evaluationMessage>The instance scriptTableActor.presentationUser. does not exist</evaluationMessage>
        </expectation>
      </instructionResult>
      <instructionResult>
        <instruction>{id='scriptTable_6_4/scriptTable_4_0', instruction='call', instanceName='scriptTableActor', methodName='countOfCodecastsPresented', args=[]}</instruction>
        <slimResult></slimResult>
        <expectation>
          <status>error</status>
          <instructionId>scriptTable_6_4/scriptTable_4_0</instructionId>
          <type>ReturnedValueExpectation</type>
          <evaluationMessage>The instance scriptTableActor.countOfCodecastsPresented. does not exist</evaluationMessage>
        </expectation>
      </instructionResult>
    </instructions>
  </result>
  <executionLog>
    <testSystem>slim:fitnesse.slim.SlimService</testSystem>
    <command>java -cp out/production/cleancoderscom:/Users/bobanlapcevic/Desktop/CleanCode/CleanCoders/FitNesse/fitnesse-standalone.jar fitnesse.slim.SlimService 1</command>
    <exitCode>0</exitCode>
    <stdOut></stdOut>
    <stdErr></stdErr>
  </executionLog>
  <finalCounts>
    <right>0</right>
    <wrong>0</wrong>
    <ignores>0</ignores>
    <exceptions>1</exceptions>
  </finalCounts>
  <totalRunTimeInMillis>258</totalRunTimeInMillis>
</testResults>

